"","Team","Name","Position","Week","Actual","Projected","Difference"
"1","Team 1","Aaron Rodgers","QB","2",19.2,18,1.2
"2","Team 1","Aaron Rodgers","QB","3",24.52,18,6.52
"3","Team 1","Aaron Rodgers","QB","4",29.58,21.1,8.48
"4","Team 1","Aaron Rodgers","QB","6",3.8,19.4,-15.6
"5","Team 1","Aaron Rodgers","QB","7",27.32,20.6,6.72
"6","Team 1","Aaron Rodgers","QB","8",22.54,19.2,3.34
"7","Team 1","Aaron Rodgers","QB","9",28.9,19.4,9.5
"8","Team 1","Aaron Rodgers","QB","10",25.4,20,5.4
"9","Team 1","Aaron Rodgers","QB","11",21.74,18.5,3.24
"10","Team 1","Aaron Rodgers","QB","12",25.64,18.8,6.84
"11","Team 1","Aaron Rodgers","QB","13",23.5,20.7,2.8
"12","Team 1","Aaron Rodgers","QB","14",30.9,23.7,7.2
"13","Team 1","Alvin Kamara","RB","1",23.7,19.6,4.1
"14","Team 1","Alvin Kamara","RB","2",38.4,20.4,18
"15","Team 1","Alvin Kamara","RB","3",44.7,23.2,21.5
"16","Team 1","Alvin Kamara","RB","4",20.9,24.7,-3.8
"17","Team 1","Alvin Kamara","RB","5",19.9,22.2,-2.3
"18","Team 1","Alvin Kamara","RB","7",22.8,22.8,0
"19","Team 1","Alvin Kamara","RB","8",25.3,22.9,2.4
"20","Team 1","Alvin Kamara","RB","9",15.9,21.9,-6
"21","Team 1","Alvin Kamara","RB","10",34.8,22.7,12.1
"22","Team 1","Alvin Kamara","RB","11",10.5,20.4,-9.9
"23","Team 1","Alvin Kamara","RB","12",6.2,18.6,-12.4
"24","Team 1","Alvin Kamara","RB","13",17.7,17.3,0.399999999999999
"25","Team 1","Alvin Kamara","RB","14",22.4,16.9,5.5
"26","Team 1","Amari Cooper","WR","1",18.1,13.4,4.7
"27","Team 1","Amari Cooper","WR","2",16,15.6,0.4
"28","Team 1","Amari Cooper","WR","3",17.6,15.2,2.4
"29","Team 1","Amari Cooper","WR","4",33.4,14.1,19.3
"30","Team 1","Amari Cooper","WR","5",4.1,15.2,-11.1
"31","Team 1","Amari Cooper","WR","6",20.9,13.1,7.8
"32","Team 1","Amari Cooper","WR","7",15.5,14.4,1.1
"33","Team 1","Amari Cooper","WR","8",1.5,12.9,-11.4
"34","Team 1","Amari Cooper","WR","9",12.5,12.9,-0.4
"35","Team 1","Amari Cooper","WR","11",14.1,13,1.1
"36","Team 1","Amari Cooper","WR","13",16.3,14.1,2.2
"37","Team 1","Amari Cooper","WR","14",15.1,12.9,2.2
"38","Team 1","Bengals D/ST","D/ST","12",7,6.5,0.5
"39","Team 1","Brandon Aiyuk","WR","10",19.7,13.3,6.4
"40","Team 1","Buccaneers D/ST","D/ST","3",19,8.3,10.7
"41","Team 1","Buccaneers D/ST","D/ST","4",6,6.7,-0.7
"42","Team 1","Buccaneers D/ST","D/ST","5",7,6.6,0.4
"43","Team 1","Buccaneers D/ST","D/ST","7",5,6.3,-1.3
"44","Team 1","Buccaneers D/ST","D/ST","8",6,8.3,-2.3
"45","Team 1","Buccaneers D/ST","D/ST","9",-1,4.3,-5.3
"46","Team 1","Buccaneers D/ST","D/ST","10",8,6.5,1.5
"47","Team 1","Buccaneers D/ST","D/ST","11",1,5.2,-4.2
"48","Team 1","Cam Newton","QB","1",25.7,18.1,7.6
"49","Team 1","Corey Davis","WR","9",0,11.7,-11.7
"50","Team 1","Corey Davis","WR","13",35.2,11.3,23.9
"51","Team 1","Corey Davis","WR","14",4.4,13.7,-9.3
"52","Team 1","Cowboys D/ST","D/ST","14",17,6.9,10.1
"53","Team 1","Dallas Goedert","TE","11",18.7,10.5,8.2
"54","Team 1","Dallas Goedert","TE","12",20.5,11.7,8.8
"55","Team 1","Dallas Goedert","TE","13",11.6,9.7,1.9
"56","Team 1","Dallas Goedert","TE","14",8.3,9.2,-0.899999999999999
"57","Team 1","Devonta Freeman","RB","6",6.7,13.3,-6.6
"58","Team 1","DJ Moore","WR","1",9.4,15,-5.6
"59","Team 1","DJ Moore","WR","2",20,13.6,6.4
"60","Team 1","DJ Moore","WR","3",8.5,14.1,-5.6
"61","Team 1","DJ Moore","WR","4",8.9,14.2,-5.3
"62","Team 1","DJ Moore","WR","5",19.3,13.9,5.4
"63","Team 1","DJ Moore","WR","6",14.3,12.1,2.2
"64","Team 1","DJ Moore","WR","7",25.3,13.7,11.6
"65","Team 1","DJ Moore","WR","8",7.5,14.4,-6.9
"66","Team 1","DJ Moore","WR","9",3.8,13.1,-9.3
"67","Team 1","DJ Moore","WR","11",21.8,12.9,8.9
"68","Team 1","DJ Moore","WR","12",10.1,14.2,-4.1
"69","Team 1","Giants D/ST","D/ST","6",13,6.9,6.1
"70","Team 1","JaMycal Hasty","RB","9",3.3,14,-10.7
"71","Team 1","Jared Cook","TE","2",9.3,10.4,-1.1
"72","Team 1","Jimmy Graham","TE","5",12.3,9.7,2.6
"73","Team 1","Jimmy Graham","TE","6",8.4,8.8,-0.4
"74","Team 1","Jimmy Graham","TE","7",8.1,9.3,-1.2
"75","Team 1","Jimmy Graham","TE","8",3.3,9.1,-5.8
"76","Team 1","Jimmy Graham","TE","9",17.5,9.9,7.6
"77","Team 1","Jimmy Graham","TE","10",0,9.7,-9.7
"78","Team 1","Justin Herbert","QB","5",27.36,16.7,10.66
"79","Team 1","Justin Tucker","K","1",9,8.7,0.300000000000001
"80","Team 1","Justin Tucker","K","2",16,8.5,7.5
"81","Team 1","Justin Tucker","K","3",9,8.9,0.0999999999999996
"82","Team 1","Justin Tucker","K","4",8,8.8,-0.800000000000001
"83","Team 1","Justin Tucker","K","5",9,9.1,-0.0999999999999996
"84","Team 1","Justin Tucker","K","6",16,9.1,6.9
"85","Team 1","Justin Tucker","K","8",8,8.7,-0.699999999999999
"86","Team 1","Justin Tucker","K","9",7,8.9,-1.9
"87","Team 1","Justin Tucker","K","10",5,8.4,-3.4
"88","Team 1","Justin Tucker","K","11",10,8.7,1.3
"89","Team 1","Justin Tucker","K","12",2,7.1,-5.1
"90","Team 1","Justin Tucker","K","13",9,8.5,0.5
"91","Team 1","Justin Tucker","K","14",9,7.6,1.4
"92","Team 1","Kenyan Drake","RB","1",14.5,16.4,-1.9
"93","Team 1","Kenyan Drake","RB","2",11.5,16.3,-4.8
"94","Team 1","Kenyan Drake","RB","3",8.9,15.7,-6.8
"95","Team 1","Kenyan Drake","RB","4",3.5,15.5,-12
"96","Team 1","Kenyan Drake","RB","5",13.2,13.7,-0.5
"97","Team 1","Kenyan Drake","RB","6",28.4,13.6,14.8
"98","Team 1","Kenyan Drake","RB","7",5.1,13.8,-8.7
"99","Team 1","Kenyan Drake","RB","13",13.8,13.8,0
"100","Team 1","Kenyan Drake","RB","14",16,14.5,1.5
"101","Team 1","Malcolm Brown","RB","2",4.7,11,-6.3
"102","Team 1","Mike Davis","RB","3",23.1,12.6,10.5
"103","Team 1","Mike Davis","RB","4",22.1,15.5,6.6
"104","Team 1","Mike Davis","RB","5",29.9,19.1,10.8
"105","Team 1","Mike Davis","RB","6",11.5,21.4,-9.9
"106","Team 1","Mike Davis","RB","7",8.6,19.3,-10.7
"107","Team 1","Mike Davis","RB","8",8.7,19,-10.3
"108","Team 1","Mike Davis","RB","10",8.4,15.5,-7.1
"109","Team 1","Mike Davis","RB","11",15.9,17.3,-1.4
"110","Team 1","Mike Davis","RB","12",10.9,15.5,-4.6
"111","Team 1","Mike Davis","RB","14",26.3,15.3,11
"112","Team 1","Mike Gesicki","TE","3",8.5,11.4,-2.9
"113","Team 1","Mike Gesicki","TE","4",2.5,11.2,-8.7
"114","Team 1","Raiders D/ST","D/ST","13",7,7.2,-0.2
"115","Team 1","Randy Bullock","K","7",10,8.8,1.2
"116","Team 1","Rob Gronkowski","TE","1",3.1,9.6,-6.5
"117","Team 1","T.Y. Hilton","WR","1",9.3,14.5,-5.2
"118","Team 1","Tee Higgins","WR","8",14.4,13,1.4
"119","Team 1","Tee Higgins","WR","10",22.5,12.9,9.6
"120","Team 1","Tee Higgins","WR","11",5.6,14,-8.4
"121","Team 1","Tee Higgins","WR","12",15.4,13.1,2.3
"122","Team 1","Tee Higgins","WR","13",10.6,11.8,-1.2
"123","Team 1","Travis Fulgham","WR","10",1.8,14.5,-12.7
"124","Team 1","Travis Fulgham","WR","12",3.6,13.3,-9.7
"125","Team 1","Vikings D/ST","D/ST","1",-9,6.3,-15.3
"126","Team 1","Washington D/ST","D/ST","2",1,5.2,-4.2
"127","Team 10","Adam Thielen","WR","1",31,15.7,15.3
"128","Team 10","Adam Thielen","WR","2",6.1,15.6,-9.5
"129","Team 10","Adam Thielen","WR","3",12.3,15.7,-3.4
"130","Team 10","Adam Thielen","WR","4",26.2,14.3,11.9
"131","Team 10","Adam Thielen","WR","5",29.3,17.2,12.1
"132","Team 10","Adam Thielen","WR","6",14.1,17.6,-3.5
"133","Team 10","Adam Thielen","WR","8",5.7,15,-9.3
"134","Team 10","Adam Thielen","WR","9",5.8,15.6,-9.8
"135","Team 10","Adam Thielen","WR","11",32.3,14.3,18
"136","Team 10","Adam Thielen","WR","13",21.5,16.8,4.7
"137","Team 10","Adam Thielen","WR","14",6.9,18.1,-11.2
"138","Team 10","Antonio Gibson","RB","5",10.1,13.3,-3.2
"139","Team 10","Antonio Gibson","RB","6",9.5,15.2,-5.7
"140","Team 10","Antonio Gibson","RB","7",18.8,16.5,2.3
"141","Team 10","Antonio Gibson","RB","9",12.5,13.8,-1.3
"142","Team 10","Antonio Gibson","RB","10",22.5,16.1,6.4
"143","Team 10","Antonio Gibson","RB","11",17.4,15.5,1.9
"144","Team 10","Antonio Gibson","RB","12",36.6,15.3,21.3
"145","Team 10","Antonio Gibson","RB","13",1.4,14.6,-13.2
"146","Team 10","Austin Ekeler","RB","1",9.7,15.6,-5.9
"147","Team 10","Austin Ekeler","RB","3",31.3,16.8,14.5
"148","Team 10","Austin Ekeler","RB","4",2.4,17.3,-14.9
"149","Team 10","Austin Ekeler","RB","12",23.9,17,6.9
"150","Team 10","Austin Ekeler","RB","13",10.8,21.3,-10.5
"151","Team 10","Austin Ekeler","RB","14",23.6,18.7,4.9
"152","Team 10","Ben Roethlisberger","QB","1",22.06,18.3,3.76
"153","Team 10","Ben Roethlisberger","QB","6",10.98,19.8,-8.82
"154","Team 10","Chiefs D/ST","D/ST","14",13,6.8,6.2
"155","Team 10","Christian McCaffrey","RB","2",24.8,22.4,2.4
"156","Team 10","Clyde Edwards-Helaire","RB","8",6.1,15.5,-9.4
"157","Team 10","Cooper Kupp","WR","2",13,13.6,-0.6
"158","Team 10","Dallas Goedert","TE","2",7,9.8,-2.8
"159","Team 10","Dalton Schultz","TE","5",1.6,9.1,-7.5
"160","Team 10","Daniel Carlson","K","10",15,9.1,5.9
"161","Team 10","Daniel Carlson","K","11",7,8.9,-1.9
"162","Team 10","Daniel Carlson","K","12",6,8.5,-2.5
"163","Team 10","Daniel Carlson","K","13",8,7.9,0.0999999999999996
"164","Team 10","Daniel Carlson","K","14",9,8.7,0.300000000000001
"165","Team 10","Darius Slayton","WR","3",6.3,12.1,-5.8
"166","Team 10","Darius Slayton","WR","5",20.9,12.7,8.2
"167","Team 10","Darius Slayton","WR","6",11.8,13,-1.2
"168","Team 10","Darrell Henderson Jr.","RB","4",4.7,15.5,-10.8
"169","Team 10","Darrell Henderson Jr.","RB","8",6.8,13.2,-6.4
"170","Team 10","David Johnson","RB","1",19.9,14.9,5
"171","Team 10","David Johnson","RB","2",7,16.3,-9.3
"172","Team 10","David Johnson","RB","4",11.2,13.7,-2.5
"173","Team 10","David Johnson","RB","5",12.3,14.9,-2.6
"174","Team 10","David Johnson","RB","7",16.4,15.4,0.999999999999998
"175","Team 10","David Johnson","RB","9",1.6,16.4,-14.8
"176","Team 10","David Montgomery","RB","2",21.7,11.9,9.8
"177","Team 10","Derrick Henry","RB","1",16.1,17.3,-1.2
"178","Team 10","Derrick Henry","RB","2",8.4,21.1,-12.7
"179","Team 10","Derrick Henry","RB","3",27,17.5,9.5
"180","Team 10","Derrick Henry","RB","6",40.4,19.8,20.6
"181","Team 10","Derrick Henry","RB","7",15.2,20.5,-5.3
"182","Team 10","Derrick Henry","RB","8",17.2,22.9,-5.7
"183","Team 10","Derrick Henry","RB","9",6.8,19.2,-12.4
"184","Team 10","Derrick Henry","RB","10",11.9,16,-4.1
"185","Team 10","Derrick Henry","RB","11",20.2,16.8,3.4
"186","Team 10","Derrick Henry","RB","12",38.5,17.1,21.4
"187","Team 10","Derrick Henry","RB","13",5.9,20.4,-14.5
"188","Team 10","Derrick Henry","RB","14",36.2,21.7,14.5
"189","Team 10","Duke Johnson","RB","10",5.4,15.7,-10.3
"190","Team 10","Duke Johnson","RB","14",7.9,13.4,-5.5
"191","Team 10","Eagles D/ST","D/ST","7",9,7.3,1.7
"192","Team 10","Eagles D/ST","D/ST","8",21,7.7,13.3
"193","Team 10","Eagles D/ST","D/ST","10",2,7.5,-5.5
"194","Team 10","Giovani Bernard","RB","8",22.8,16.3,6.5
"195","Team 10","Harrison Butker","K","2",13,8.7,4.3
"196","Team 10","Jared Cook","TE","9",3,9.4,-6.4
"197","Team 10","Jared Cook","TE","10",0,8.4,-8.4
"198","Team 10","Jonathan Taylor","RB","8",5.1,14.9,-9.8
"199","Team 10","Jonnu Smith","TE","3",11.1,10.1,1
"200","Team 10","Jonnu Smith","TE","6",2.3,11.5,-9.2
"201","Team 10","Jonnu Smith","TE","7",1.9,11.9,-10
"202","Team 10","Jonnu Smith","TE","8",4.9,9.8,-4.9
"203","Team 10","Jonnu Smith","TE","12",0,8.5,-8.5
"204","Team 10","Josh Jacobs","RB","8",12.9,18,-5.1
"205","Team 10","JuJu Smith-Schuster","WR","8",13.7,12.1,1.6
"206","Team 10","Keenan Allen","WR","2",16.6,13.2,3.4
"207","Team 10","Kenny Golladay","WR","8",0,13.9,-13.9
"208","Team 10","Lamar Jackson","QB","2",17.56,23.3,-5.74
"209","Team 10","Logan Thomas","TE","11",2.8,8.2,-5.4
"210","Team 10","Marvin Jones Jr.","WR","2",12.3,14.4,-2.1
"211","Team 10","Mason Crosby","K","3",16,7.1,8.9
"212","Team 10","Mason Crosby","K","4",7,8.4,-1.4
"213","Team 10","Mason Crosby","K","6",4,9.1,-5.1
"214","Team 10","Mason Crosby","K","7",5,8,-3
"215","Team 10","Matt Prater","K","1",11,8.3,2.7
"216","Team 10","Matt Prater","K","2",2,8,-6
"217","Team 10","Noah Fant","TE","1",19.1,9.9,9.2
"218","Team 10","Noah Fant","TE","4",8.5,10.7,-2.2
"219","Team 10","Noah Fant","TE","13",9.7,9.9,-0.200000000000001
"220","Team 10","Noah Fant","TE","14",0,9.4,-9.4
"221","Team 10","Randy Bullock","K","5",3,8.6,-5.6
"222","Team 10","Randy Bullock","K","8",7,8.3,-1.3
"223","Team 10","Ravens D/ST","D/ST","2",15,6.5,8.5
"224","Team 10","Rob Gronkowski","TE","8",14.1,12.8,1.3
"225","Team 10","Russell Wilson","QB","2",33.42,18.2,15.22
"226","Team 10","Russell Wilson","QB","3",36.8,21.3,15.5
"227","Team 10","Russell Wilson","QB","4",20.9,23.8,-2.9
"228","Team 10","Russell Wilson","QB","5",24.48,24.2,0.280000000000001
"229","Team 10","Russell Wilson","QB","7",29.92,23.1,6.82
"230","Team 10","Russell Wilson","QB","8",28.74,23.4,5.34
"231","Team 10","Russell Wilson","QB","9",22.1,25.6,-3.5
"232","Team 10","Russell Wilson","QB","10",9.92,23.5,-13.58
"233","Team 10","Russell Wilson","QB","11",20.08,24.4,-4.32
"234","Team 10","Russell Wilson","QB","12",14.4,23.7,-9.3
"235","Team 10","Russell Wilson","QB","13",15.02,21.4,-6.38
"236","Team 10","Russell Wilson","QB","14",22.14,22.1,0.0399999999999991
"237","Team 10","Ryan Succop","K","8",15,8,7
"238","Team 10","Saints D/ST","D/ST","4",6,5.5,0.5
"239","Team 10","Saints D/ST","D/ST","8",7,5.9,1.1
"240","Team 10","Steelers D/ST","D/ST","1",10,8.2,1.8
"241","Team 10","Steelers D/ST","D/ST","2",13,7.9,5.1
"242","Team 10","Steelers D/ST","D/ST","3",9,8.3,0.699999999999999
"243","Team 10","Steelers D/ST","D/ST","5",8,7.7,0.3
"244","Team 10","Steelers D/ST","D/ST","6",19,6,13
"245","Team 10","Steelers D/ST","D/ST","9",5,7.2,-2.2
"246","Team 10","Steelers D/ST","D/ST","11",16,7.2,8.8
"247","Team 10","Steelers D/ST","D/ST","12",16,7.5,8.5
"248","Team 10","Steelers D/ST","D/ST","13",3,7.5,-4.5
"249","Team 10","Teddy Bridgewater","QB","8",12.04,17.5,-5.46
"250","Team 10","Terry McLaurin","WR","1",11.1,13,-1.9
"251","Team 10","Terry McLaurin","WR","2",25.5,13.7,11.8
"252","Team 10","Terry McLaurin","WR","3",12.6,14.6,-2
"253","Team 10","Terry McLaurin","WR","5",5.6,14.9,-9.3
"254","Team 10","Terry McLaurin","WR","7",22,15.1,6.9
"255","Team 10","Terry McLaurin","WR","9",24.5,15.6,8.9
"256","Team 10","Terry McLaurin","WR","10",17.2,17.4,-0.199999999999999
"257","Team 10","Terry McLaurin","WR","11",13.4,16.1,-2.7
"258","Team 10","Terry McLaurin","WR","12",16.2,17.3,-1.1
"259","Team 10","Terry McLaurin","WR","13",3.4,16.3,-12.9
"260","Team 10","Terry McLaurin","WR","14",4.4,15.9,-11.5
"261","Team 10","Travis Kelce","TE","2",24,15.6,8.4
"262","Team 10","Tyler Boyd","WR","2",20.2,11.8,8.4
"263","Team 10","Tyler Boyd","WR","4",16.4,14.2,2.2
"264","Team 10","Tyler Boyd","WR","6",12.9,13.6,-0.699999999999999
"265","Team 10","Tyler Boyd","WR","7",27.74,13.4,14.34
"266","Team 10","Tyler Boyd","WR","8",19.6,14.8,4.8
"267","Team 10","Tyler Boyd","WR","10",10.1,14.4,-4.3
"268","Team 10","Tyler Boyd","WR","11",17.5,14.6,2.9
"269","Team 10","Tyler Boyd","WR","12",4.5,13.4,-8.9
"270","Team 2","Alexander Mattison","RB","1",12,4.9,7.1
"271","Team 2","Alexander Mattison","RB","6",4,18.1,-14.1
"272","Team 2","Boston Scott","RB","1",7.4,14,-6.6
"273","Team 2","Boston Scott","RB","7",18.2,12.7,5.5
"274","Team 2","Boston Scott","RB","8",9.9,15.4,-5.5
"275","Team 2","Christian McCaffrey","RB","1",28.5,24.6,3.9
"276","Team 2","Christian McCaffrey","RB","9",37.1,19.9,17.2
"277","Team 2","Cooper Kupp","WR","1",8,14.1,-6.1
"278","Team 2","Cooper Kupp","WR","3",25.7,13.4,12.3
"279","Team 2","Cooper Kupp","WR","4",17.7,14.3,3.4
"280","Team 2","Cooper Kupp","WR","5",11.6,14.6,-3
"281","Team 2","Cooper Kupp","WR","6",4.1,14.6,-10.5
"282","Team 2","Cooper Kupp","WR","7",11.9,13.9,-2
"283","Team 2","Cooper Kupp","WR","8",22,14.1,7.9
"284","Team 2","Cooper Kupp","WR","10",10,16.4,-6.4
"285","Team 2","Cooper Kupp","WR","11",25.5,16.5,9
"286","Team 2","Cooper Kupp","WR","12",6.1,15.4,-9.3
"287","Team 2","Cooper Kupp","WR","13",15.3,16.7,-1.4
"288","Team 2","Cooper Kupp","WR","14",14.3,15,-0.699999999999999
"289","Team 2","Curtis Samuel","WR","8",21.4,11,10.4
"290","Team 2","Curtis Samuel","WR","10",4.2,13,-8.8
"291","Team 2","Curtis Samuel","WR","11",21.4,12.9,8.5
"292","Team 2","Curtis Samuel","WR","12",12.7,14.5,-1.8
"293","Team 2","David Montgomery","RB","3",7.4,11.4,-4
"294","Team 2","David Montgomery","RB","4",10.7,12.6,-1.9
"295","Team 2","David Montgomery","RB","5",18.9,13.1,5.8
"296","Team 2","David Montgomery","RB","6",13.7,16.7,-3
"297","Team 2","David Montgomery","RB","7",11.9,15.8,-3.9
"298","Team 2","David Montgomery","RB","8",12.5,15.9,-3.4
"299","Team 2","David Montgomery","RB","9",5.2,16.1,-10.9
"300","Team 2","David Montgomery","RB","12",25.3,12.6,12.7
"301","Team 2","David Montgomery","RB","13",27.1,16.5,10.6
"302","Team 2","David Montgomery","RB","14",24.5,17.4,7.1
"303","Team 2","Harrison Butker","K","1",10,9,1
"304","Team 2","Harrison Butker","K","3",3,8.7,-5.7
"305","Team 2","Harrison Butker","K","4",8,9.2,-1.2
"306","Team 2","Harrison Butker","K","5",6,9.4,-3.4
"307","Team 2","Harrison Butker","K","6",8,9,-1
"308","Team 2","Harrison Butker","K","7",14,8.8,5.2
"309","Team 2","Harrison Butker","K","8",5,9.3,-4.3
"310","Team 2","Harrison Butker","K","9",10,8.9,1.1
"311","Team 2","Harrison Butker","K","11",5,8.2,-3.2
"312","Team 2","Harrison Butker","K","12",9,8.3,0.699999999999999
"313","Team 2","Harrison Butker","K","13",17,8.5,8.5
"314","Team 2","Harrison Butker","K","14",8,8.2,-0.199999999999999
"315","Team 2","J.D. McKissic","RB","6",14.4,10.1,4.3
"316","Team 2","J.D. McKissic","RB","7",7.1,13.1,-6
"317","Team 2","J.D. McKissic","RB","10",17.9,12.6,5.3
"318","Team 2","J.D. McKissic","RB","11",9.9,14.3,-4.4
"319","Team 2","J.D. McKissic","RB","12",4.7,13,-8.3
"320","Team 2","J.D. McKissic","RB","13",17.8,9.9,7.9
"321","Team 2","J.D. McKissic","RB","14",10.6,13.3,-2.7
"322","Team 2","Jamaal Williams","RB","10",8.5,9.3,-0.800000000000001
"323","Team 2","Jamaal Williams","RB","11",8.6,10.1,-1.5
"324","Team 2","Jason Sanders","K","10",13,8.8,4.2
"325","Team 2","John Brown","WR","5",0,0,0
"326","Team 2","John Brown","WR","6",0,12.4,-12.4
"327","Team 2","Josh Allen","QB","4",25.42,23.6,1.82
"328","Team 2","Josh Allen","QB","5",16.32,25,-8.68
"329","Team 2","Josh Allen","QB","6",15.08,23.6,-8.52
"330","Team 2","Josh Allen","QB","7",16.38,24.6,-8.22
"331","Team 2","Josh Allen","QB","8",12.46,20.1,-7.64
"332","Team 2","Josh Allen","QB","9",36,24.9,11.1
"333","Team 2","Josh Allen","QB","10",27.36,24.1,3.26
"334","Team 2","Josh Allen","QB","12",15.48,25,-9.52
"335","Team 2","Josh Allen","QB","13",30.1,22.2,7.9
"336","Team 2","Josh Allen","QB","14",18.32,22,-3.68
"337","Team 2","Keenan Allen","WR","1",7.7,13.8,-6.1
"338","Team 2","Keenan Allen","WR","3",30.2,14,16.2
"339","Team 2","Keenan Allen","WR","4",14.2,16.1,-1.9
"340","Team 2","Keenan Allen","WR","5",10.9,16.2,-5.3
"341","Team 2","Keenan Allen","WR","7",22.5,17.1,5.4
"342","Team 2","Keenan Allen","WR","8",21.7,17.8,3.9
"343","Team 2","Keenan Allen","WR","9",25.3,19.1,6.2
"344","Team 2","Keenan Allen","WR","10",12.9,19.4,-6.5
"345","Team 2","Keenan Allen","WR","11",34.5,17.6,16.9
"346","Team 2","Keenan Allen","WR","12",16,19.4,-3.4
"347","Team 2","Keenan Allen","WR","13",9.8,16.3,-6.5
"348","Team 2","Keenan Allen","WR","14",20.2,18.4,1.8
"349","Team 2","Lamar Jackson","QB","1",27.5,22.6,4.9
"350","Team 2","Lamar Jackson","QB","3",14.18,24.2,-10.02
"351","Team 2","Lamar Jackson","QB","11",16.54,22.2,-5.66
"352","Team 2","Mark Ingram II","RB","3",3,9.4,-6.4
"353","Team 2","Mark Ingram II","RB","4",10.7,9.5,1.2
"354","Team 2","Mark Ingram II","RB","5",5.7,9.1,-3.4
"355","Team 2","Marvin Jones Jr.","WR","3",8.1,13,-4.9
"356","Team 2","Marvin Jones Jr.","WR","4",1.9,12.8,-10.9
"357","Team 2","Marvin Jones Jr.","WR","9",13.3,14,-0.699999999999999
"358","Team 2","Marvin Jones Jr.","WR","14",8.8,14,-5.2
"359","Team 2","Mike Gesicki","TE","10",6,8.6,-2.6
"360","Team 2","Mike Williams","WR","9",13.1,12.3,0.799999999999999
"361","Team 2","Mike Williams","WR","13",8.3,10.9,-2.6
"362","Team 2","Packers D/ST","D/ST","7",4,5.5,-1.5
"363","Team 2","Packers D/ST","D/ST","8",0,5.5,-5.5
"364","Team 2","Ravens D/ST","D/ST","1",12,7.1,4.9
"365","Team 2","Ravens D/ST","D/ST","3",1,4.5,-3.5
"366","Team 2","Ravens D/ST","D/ST","4",6,8.4,-2.4
"367","Team 2","Ravens D/ST","D/ST","5",25,6.6,18.4
"368","Team 2","Ravens D/ST","D/ST","6",6,7.7,-1.7
"369","Team 2","Ravens D/ST","D/ST","9",13,6.4,6.6
"370","Team 2","Ravens D/ST","D/ST","10",1,7.2,-6.2
"371","Team 2","Ravens D/ST","D/ST","11",0,5.9,-5.9
"372","Team 2","Ravens D/ST","D/ST","12",7,5.1,1.9
"373","Team 2","Ravens D/ST","D/ST","13",3,8.3,-5.3
"374","Team 2","Ravens D/ST","D/ST","14",-4,6.1,-10.1
"375","Team 2","Travis Kelce","TE","1",17,17,0
"376","Team 2","Travis Kelce","TE","3",14.7,16.4,-1.7
"377","Team 2","Travis Kelce","TE","4",10,14.7,-4.7
"378","Team 2","Travis Kelce","TE","5",24.8,16.2,8.6
"379","Team 2","Travis Kelce","TE","6",21.5,17.4,4.1
"380","Team 2","Travis Kelce","TE","7",6.1,16.6,-10.5
"381","Team 2","Travis Kelce","TE","8",24.9,15.5,9.4
"382","Team 2","Travis Kelce","TE","9",25.9,17.1,8.8
"383","Team 2","Travis Kelce","TE","11",26.86,19.2,7.66
"384","Team 2","Travis Kelce","TE","12",16.2,19.3,-3.1
"385","Team 2","Travis Kelce","TE","13",27.6,17.9,9.7
"386","Team 2","Travis Kelce","TE","14",27.6,18.6,9
"387","Team 3","A.J. Green","WR","1",10.1,12.1,-2
"388","Team 3","A.J. Green","WR","2",5.9,13.9,-8
"389","Team 3","A.J. Green","WR","3",8.6,12.7,-4.1
"390","Team 3","A.J. Green","WR","7",15.2,11.2,4
"391","Team 3","A.J. Green","WR","8",3.9,12.5,-8.6
"392","Team 3","Adrian Peterson","RB","6",12.8,10.6,2.2
"393","Team 3","Antonio Brown","WR","12",3.1,13,-9.9
"394","Team 3","Ben Roethlisberger","QB","11",16.68,20.1,-3.42
"395","Team 3","Bills D/ST","D/ST","1",10,8.7,1.3
"396","Team 3","Bills D/ST","D/ST","2",-1,8.5,-9.5
"397","Team 3","Bills D/ST","D/ST","4",5,6,-1
"398","Team 3","Bills D/ST","D/ST","5",-3,6.6,-9.6
"399","Team 3","CeeDee Lamb","WR","3",11.6,12.4,-0.800000000000001
"400","Team 3","Chase Edmonds","RB","9",11.8,17.8,-6
"401","Team 3","Chris Godwin","WR","1",13.9,16.9,-3
"402","Team 3","Chris Godwin","WR","3",17.4,14.6,2.8
"403","Team 3","Cowboys D/ST","D/ST","7",1,6.4,-5.4
"404","Team 3","Dak Prescott","QB","1",17.64,19.7,-2.06
"405","Team 3","Dak Prescott","QB","2",39.8,20.4,19.4
"406","Team 3","Dak Prescott","QB","3",27.48,19.8,7.68
"407","Team 3","Dak Prescott","QB","4",37.28,20.3,16.98
"408","Team 3","Dak Prescott","QB","5",13.44,21.2,-7.76
"409","Team 3","Dalvin Cook","RB","4",28.6,20.4,8.2
"410","Team 3","Dalvin Cook","RB","5",19.9,19.3,0.599999999999998
"411","Team 3","Dalvin Cook","RB","8",48.6,18.7,29.9
"412","Team 3","Dalvin Cook","RB","9",39.2,23.2,16
"413","Team 3","Dalvin Cook","RB","10",15.2,20.3,-5.1
"414","Team 3","Dalvin Cook","RB","11",25,24.8,0.199999999999999
"415","Team 3","Dalvin Cook","RB","12",10.2,24.5,-14.3
"416","Team 3","Dalvin Cook","RB","13",23.9,25.5,-1.6
"417","Team 3","Dalvin Cook","RB","14",19,21.3,-2.3
"418","Team 3","Davante Adams","WR","1",41.6,18.5,23.1
"419","Team 3","Davante Adams","WR","2",6.6,19.2,-12.6
"420","Team 3","Davante Adams","WR","6",12.1,20.6,-8.5
"421","Team 3","Davante Adams","WR","7",44.6,21.9,22.7
"422","Team 3","Davante Adams","WR","8",30.3,21.4,8.9
"423","Team 3","Davante Adams","WR","9",33.3,23.2,10.1
"424","Team 3","Davante Adams","WR","10",18.6,21.3,-2.7
"425","Team 3","Davante Adams","WR","11",23.6,20.5,3.1
"426","Team 3","Davante Adams","WR","12",18.1,21,-2.9
"427","Team 3","Davante Adams","WR","13",34.1,20.7,13.4
"428","Team 3","Davante Adams","WR","14",24.5,24.6,-0.100000000000001
"429","Team 3","Deebo Samuel","WR","13",13.6,13.8,-0.200000000000001
"430","Team 3","Deebo Samuel","WR","14",0.9,14,-13.1
"431","Team 3","DK Metcalf","WR","4",14.6,15.7,-1.1
"432","Team 3","DK Metcalf","WR","5",27.3,15.6,11.7
"433","Team 3","DK Metcalf","WR","7",4.3,16.8,-12.5
"434","Team 3","DK Metcalf","WR","8",40.1,16.4,23.7
"435","Team 3","DK Metcalf","WR","9",23.8,15.8,8
"436","Team 3","DK Metcalf","WR","10",4.8,18.2,-13.4
"437","Team 3","DK Metcalf","WR","11",13.6,17.1,-3.5
"438","Team 3","DK Metcalf","WR","12",27.7,16.7,11
"439","Team 3","DK Metcalf","WR","13",13,17.2,-4.2
"440","Team 3","DK Metcalf","WR","14",18.1,18,0.100000000000001
"441","Team 3","Dolphins D/ST","D/ST","6",12,6.6,5.4
"442","Team 3","Dolphins D/ST","D/ST","11",-1,7,-8
"443","Team 3","Dolphins D/ST","D/ST","13",16,7.7,8.3
"444","Team 3","Drew Brees","QB","10",6.94,17.1,-10.16
"445","Team 3","Ezekiel Elliott","RB","1",27.7,20.5,7.2
"446","Team 3","Ezekiel Elliott","RB","2",22.2,21.2,1
"447","Team 3","Ezekiel Elliott","RB","3",17.8,20.6,-2.8
"448","Team 3","Ezekiel Elliott","RB","4",20.5,23.7,-3.2
"449","Team 3","Ezekiel Elliott","RB","5",23.5,23.8,-0.300000000000001
"450","Team 3","Ezekiel Elliott","RB","6",12,21.8,-9.8
"451","Team 3","Ezekiel Elliott","RB","7",6.1,21.6,-15.5
"452","Team 3","Ezekiel Elliott","RB","8",8.3,16.7,-8.4
"453","Team 3","Ezekiel Elliott","RB","11",19.4,15.7,3.7
"454","Team 3","Ezekiel Elliott","RB","12",2.9,15.2,-12.3
"455","Team 3","Ezekiel Elliott","RB","13",13.5,12.4,1.1
"456","Team 3","Ezekiel Elliott","RB","14",7.9,15.1,-7.2
"457","Team 3","Giants D/ST","D/ST","3",-4,5.9,-9.9
"458","Team 3","Jamison Crowder","WR","5",25.6,13,12.6
"459","Team 3","Jamison Crowder","WR","6",11.8,14.2,-2.4
"460","Team 3","Jamison Crowder","WR","9",10.6,14.3,-3.7
"461","Team 3","Jamison Crowder","WR","11",2.6,14.6,-12
"462","Team 3","Jason Sanders","K","6",6,9.5,-3.5
"463","Team 3","Jerick McKinnon","RB","4",22.7,13.5,9.2
"464","Team 3","Jerick McKinnon","RB","5",2.5,12.3,-9.8
"465","Team 3","Jerick McKinnon","RB","7",-0.1,15,-15.1
"466","Team 3","Jerick McKinnon","RB","10",5.6,15.8,-10.2
"467","Team 3","Kirk Cousins","QB","13",21.4,16.8,4.6
"468","Team 3","Mark Andrews","TE","1",22.8,13.6,9.2
"469","Team 3","Mark Andrews","TE","2",3.9,14,-10.1
"470","Team 3","Mark Andrews","TE","3",5.2,13.9,-8.7
"471","Team 3","Mark Andrews","TE","4",20.7,13.5,7.2
"472","Team 3","Mark Andrews","TE","5",17.6,13.3,4.3
"473","Team 3","Mark Andrews","TE","6",4.1,14.7,-10.6
"474","Team 3","Mark Andrews","TE","8",6.2,12.8,-6.6
"475","Team 3","Mark Andrews","TE","9",5.2,11.7,-6.5
"476","Team 3","Mark Andrews","TE","10",13.1,11.1,2
"477","Team 3","Mark Andrews","TE","11",20.6,12.5,8.1
"478","Team 3","Mark Andrews","TE","14",12.8,11.4,1.4
"479","Team 3","Melvin Gordon III","RB","1",15.6,12.4,3.2
"480","Team 3","Melvin Gordon III","RB","2",16.4,14.1,2.3
"481","Team 3","Melvin Gordon III","RB","3",7.8,14.2,-6.4
"482","Team 3","Packers D/ST","D/ST","10",7,7.3,-0.3
"483","Team 3","Parris Campbell","WR","2",0.7,11.2,-10.5
"484","Team 3","Robert Tonyan","TE","6",5.5,8.3,-2.8
"485","Team 3","Robert Tonyan","TE","7",5.2,9.1,-3.9
"486","Team 3","Robert Tonyan","TE","12",17.7,7.8,9.9
"487","Team 3","Robert Tonyan","TE","13",13.9,8.7,5.2
"488","Team 3","Ryan Fitzpatrick","QB","6",16.04,19.1,-3.06
"489","Team 3","Ryan Fitzpatrick","QB","12",19.28,18.9,0.380000000000003
"490","Team 3","Ryan Tannehill","QB","7",17.3,17.9,-0.599999999999998
"491","Team 3","Ryan Tannehill","QB","8",17.32,17,0.32
"492","Team 3","Ryan Tannehill","QB","9",14.62,16.5,-1.88
"493","Team 3","Ryan Tannehill","QB","14",16.48,18.6,-2.12
"494","Team 3","Saints D/ST","D/ST","12",14,5.8,8.2
"495","Team 3","Saints D/ST","D/ST","14",-1,8.5,-9.5
"496","Team 3","Sammy Watkins","WR","4",6.3,9.9,-3.6
"497","Team 3","Sterling Shepard","WR","10",10.7,13.5,-2.8
"498","Team 3","Titans D/ST","D/ST","8",-2,5.9,-7.9
"499","Team 3","Titans D/ST","D/ST","9",13,6,7
"500","Team 3","Wil Lutz","K","1",10,8.8,1.2
"501","Team 3","Wil Lutz","K","2",6,8.3,-2.3
"502","Team 3","Wil Lutz","K","3",13,8.2,4.8
"503","Team 3","Wil Lutz","K","4",5,8.3,-3.3
"504","Team 3","Wil Lutz","K","5",15,8.5,6.5
"505","Team 3","Wil Lutz","K","7",11,8.4,2.6
"506","Team 3","Wil Lutz","K","8",13,8.4,4.6
"507","Team 3","Wil Lutz","K","9",8,8.8,-0.800000000000001
"508","Team 3","Wil Lutz","K","10",10,9.7,0.300000000000001
"509","Team 3","Wil Lutz","K","11",5,8,-3
"510","Team 3","Wil Lutz","K","12",8,7.6,0.4
"511","Team 3","Wil Lutz","K","13",2,8,-6
"512","Team 3","Wil Lutz","K","14",1,7.4,-6.4
"513","Team 4","Austin Hooper","TE","12",9.3,10.1,-0.799999999999999
"514","Team 4","Austin Hooper","TE","13",4.4,8.8,-4.4
"515","Team 4","Bears D/ST","D/ST","10",10,6.7,3.3
"516","Team 4","Bears D/ST","D/ST","13",-2,6.9,-8.9
"517","Team 4","Bears D/ST","D/ST","14",18,6.6,11.4
"518","Team 4","Broncos D/ST","D/ST","4",6,7.3,-1.3
"519","Team 4","Browns D/ST","D/ST","11",20,7.2,12.8
"520","Team 4","Browns D/ST","D/ST","12",-1,7.1,-8.1
"521","Team 4","Cardinals D/ST","D/ST","2",9,7.6,1.4
"522","Team 4","Cardinals D/ST","D/ST","3",4,5.2,-1.2
"523","Team 4","Cardinals D/ST","D/ST","9",2,7.2,-5.2
"524","Team 4","Carlos Hyde","RB","11",17.5,12.3,5.2
"525","Team 4","Chargers D/ST","D/ST","7",8,5.9,2.1
"526","Team 4","Chargers D/ST","D/ST","8",2,5.9,-3.9
"527","Team 4","Dalton Schultz","TE","14",6.4,8.2,-1.8
"528","Team 4","Dan Bailey","K","1",4,7.7,-3.7
"529","Team 4","Dan Bailey","K","2",3,7.2,-4.2
"530","Team 4","Diontae Johnson","WR","3",0.9,14.2,-13.3
"531","Team 4","Diontae Johnson","WR","8",1.6,14.1,-12.5
"532","Team 4","Diontae Johnson","WR","9",14.1,12.3,1.8
"533","Team 4","Diontae Johnson","WR","10",23.6,11.9,11.7
"534","Team 4","Diontae Johnson","WR","11",23.1,14.3,8.8
"535","Team 4","Diontae Johnson","WR","12",12.6,14.6,-2
"536","Team 4","Diontae Johnson","WR","13",21.1,14.6,6.5
"537","Team 4","Diontae Johnson","WR","14",8,15.9,-7.9
"538","Team 4","DJ Chark Jr.","WR","1",11.5,13.3,-1.8
"539","Team 4","DJ Chark Jr.","WR","2",12.4,12.9,-0.5
"540","Team 4","DJ Chark Jr.","WR","5",4.6,12.8,-8.2
"541","Team 4","DJ Chark Jr.","WR","6",11.5,11.8,-0.300000000000001
"542","Team 4","DJ Chark Jr.","WR","7",3.6,13.4,-9.8
"543","Team 4","Eagles D/ST","D/ST","1",5,8.7,-3.7
"544","Team 4","Graham Gano","K","7",3,9,-6
"545","Team 4","James White","RB","13",3.1,11.4,-8.3
"546","Team 4","James White","RB","14",2.8,9.3,-6.5
"547","Team 4","Jared Goff","QB","10",10.48,18.5,-8.02
"548","Team 4","Jason Myers","K","13",4,8.5,-4.5
"549","Team 4","Jerry Jeudy","WR","10",10.8,12.6,-1.8
"550","Team 4","Joey Slye","K","8",5,9.5,-4.5
"551","Team 4","Joey Slye","K","9",6,8.5,-2.5
"552","Team 4","Joey Slye","K","10",6,9,-3
"553","Team 4","Joey Slye","K","11",10,8.3,1.7
"554","Team 4","Joey Slye","K","12",8,8.2,-0.199999999999999
"555","Team 4","Joey Slye","K","14",9,8.4,0.6
"556","Team 4","Jordan Howard","RB","9",7.9,0,7.9
"557","Team 4","Justin Jackson","RB","7",10.5,14.6,-4.1
"558","Team 4","Justin Jackson","RB","9",0,15.3,-15.3
"559","Team 4","Leonard Fournette","RB","3",4.2,11,-6.8
"560","Team 4","Leonard Fournette","RB","8",10.1,13.8,-3.7
"561","Team 4","Leonard Fournette","RB","9",10.1,14.7,-4.6
"562","Team 4","Leonard Fournette","RB","10",5,13.9,-8.9
"563","Team 4","Leonard Fournette","RB","12",5,12,-7
"564","Team 4","Matt Prater","K","4",3,8.8,-5.8
"565","Team 4","Myles Gaskin","RB","3",14.5,11.3,3.2
"566","Team 4","Myles Gaskin","RB","4",9.2,14,-4.8
"567","Team 4","Myles Gaskin","RB","5",20.1,12.9,7.2
"568","Team 4","Myles Gaskin","RB","6",16.6,16.7,-0.0999999999999979
"569","Team 4","Myles Gaskin","RB","8",13.3,16.1,-2.8
"570","Team 4","Myles Gaskin","RB","13",14.1,16.1,-2
"571","Team 4","Noah Fant","TE","6",0,0,0
"572","Team 4","Noah Fant","TE","7",6.8,10.8,-4
"573","Team 4","Noah Fant","TE","8",11.7,10.3,1.4
"574","Team 4","Noah Fant","TE","9",7.5,11.4,-3.9
"575","Team 4","Noah Fant","TE","10",4.8,11.1,-6.3
"576","Team 4","Noah Fant","TE","11",9.5,9.1,0.4
"577","Team 4","Panthers D/ST","D/ST","6",4,6,-2
"578","Team 4","Patrick Mahomes","QB","1",20.44,23.3,-2.86
"579","Team 4","Patrick Mahomes","QB","2",27.48,20.6,6.88
"580","Team 4","Patrick Mahomes","QB","3",40,19.6,20.4
"581","Team 4","Patrick Mahomes","QB","4",20.24,21.5,-1.26
"582","Team 4","Patrick Mahomes","QB","5",29.7,23.5,6.2
"583","Team 4","Patrick Mahomes","QB","6",20.6,23.8,-3.2
"584","Team 4","Patrick Mahomes","QB","7",12,21.2,-9.2
"585","Team 4","Patrick Mahomes","QB","8",36.64,22.3,14.34
"586","Team 4","Patrick Mahomes","QB","9",31.48,23,8.48
"587","Team 4","Patrick Mahomes","QB","11",21.52,24.1,-2.58
"588","Team 4","Patrick Mahomes","QB","12",31.28,24,7.28
"589","Team 4","Patrick Mahomes","QB","13",19.32,24.3,-4.98
"590","Team 4","Patrick Mahomes","QB","14",18.62,22.6,-3.98
"591","Team 4","Robert Woods","WR","1",17.9,14.5,3.4
"592","Team 4","Robert Woods","WR","2",11.3,14.5,-3.2
"593","Team 4","Robert Woods","WR","3",21.4,13.8,7.6
"594","Team 4","Robert Woods","WR","4",9.8,14,-4.2
"595","Team 4","Robert Woods","WR","5",17.1,13.8,3.3
"596","Team 4","Robert Woods","WR","6",14,14,0
"597","Team 4","Robert Woods","WR","7",5.5,13.4,-7.9
"598","Team 4","Robert Woods","WR","8",28.4,14.2,14.2
"599","Team 4","Robert Woods","WR","10",8.6,16.1,-7.5
"600","Team 4","Robert Woods","WR","11",30.6,13.8,16.8
"601","Team 4","Robert Woods","WR","12",15.8,15.2,0.600000000000001
"602","Team 4","Robert Woods","WR","13",18.5,16.9,1.6
"603","Team 4","Robert Woods","WR","14",8.1,16,-7.9
"604","Team 4","Rodrigo Blankenship","K","5",11,9.5,1.5
"605","Team 4","Rodrigo Blankenship","K","6",8,8.7,-0.699999999999999
"606","Team 4","Ronald Jones II","RB","2",10.7,13,-2.3
"607","Team 4","Ronald Jones II","RB","4",18.8,14.8,4
"608","Team 4","Ronald Jones II","RB","5",15.5,15.3,0.199999999999999
"609","Team 4","Ronald Jones II","RB","6",26.1,14.7,11.4
"610","Team 4","Ronald Jones II","RB","7",10.6,15.3,-4.7
"611","Team 4","Ronald Jones II","RB","10",24.8,10.8,14
"612","Team 4","Ronald Jones II","RB","11",2.4,12,-9.6
"613","Team 4","Ronald Jones II","RB","12",17.3,11.7,5.6
"614","Team 4","Ronald Jones II","RB","14",15.4,14.3,1.1
"615","Team 4","Russell Gage","WR","4",4,12.6,-8.6
"616","Team 4","Saquon Barkley","RB","1",12.6,19.2,-6.6
"617","Team 4","Saquon Barkley","RB","2",2.8,20.3,-17.5
"618","Team 4","Seahawks D/ST","D/ST","5",4,6.5,-2.5
"619","Team 4","Tarik Cohen","RB","1",6.7,10.9,-4.2
"620","Team 4","Tyreek Hill","WR","1",15.6,16.8,-1.2
"621","Team 4","Tyreek Hill","WR","2",21.8,15.5,6.3
"622","Team 4","Tyreek Hill","WR","3",21.2,15.2,6
"623","Team 4","Tyreek Hill","WR","4",16.4,15.8,0.599999999999998
"624","Team 4","Tyreek Hill","WR","5",18.3,15.4,2.9
"625","Team 4","Tyreek Hill","WR","6",5.5,16.3,-10.8
"626","Team 4","Tyreek Hill","WR","7",17.5,14.8,2.7
"627","Team 4","Tyreek Hill","WR","8",25.8,16.2,9.6
"628","Team 4","Tyreek Hill","WR","9",33.1,16.3,16.8
"629","Team 4","Tyreek Hill","WR","11",27,18.8,8.2
"630","Team 4","Tyreek Hill","WR","12",57.9,18.9,39
"631","Team 4","Tyreek Hill","WR","13",14.8,20.7,-5.9
"632","Team 4","Tyreek Hill","WR","14",26.1,20.4,5.7
"633","Team 4","Younghoe Koo","K","3",7,8.3,-1.3
"634","Team 4","Zach Ertz","TE","1",10.8,12.5,-1.7
"635","Team 4","Zach Ertz","TE","2",9.2,12.1,-2.9
"636","Team 4","Zach Ertz","TE","3",14,11.9,2.1
"637","Team 4","Zach Ertz","TE","4",6.9,12.7,-5.8
"638","Team 4","Zach Ertz","TE","5",1.6,13.1,-11.5
"639","Team 5","Austin Hooper","TE","6",10.2,10.2,0
"640","Team 5","Calvin Ridley","WR","1",33.9,13.6,20.3
"641","Team 5","Calvin Ridley","WR","2",29.9,14.5,15.4
"642","Team 5","Calvin Ridley","WR","3",16.7,17.2,-0.5
"643","Team 5","Calvin Ridley","WR","4",0,17.7,-17.7
"644","Team 5","Calvin Ridley","WR","5",21.6,16.6,5
"645","Team 5","Calvin Ridley","WR","6",18.9,16.3,2.6
"646","Team 5","Calvin Ridley","WR","7",19.9,16.2,3.7
"647","Team 5","Calvin Ridley","WR","8",7.2,15.6,-8.4
"648","Team 5","Calvin Ridley","WR","11",14,14.7,-0.699999999999999
"649","Team 5","Calvin Ridley","WR","14",26.4,17.4,9
"650","Team 5","Chiefs D/ST","D/ST","7",21,6.3,14.7
"651","Team 5","Chiefs D/ST","D/ST","8",10,8,2
"652","Team 5","Chris Boswell","K","1",9,7.8,1.2
"653","Team 5","Chris Boswell","K","2",6,8,-2
"654","Team 5","Chris Boswell","K","3",8,7.8,0.2
"655","Team 5","Chris Boswell","K","5",9,8.7,0.300000000000001
"656","Team 5","Chris Boswell","K","6",8,8.6,-0.6
"657","Team 5","Chris Boswell","K","7",9,7.5,1.5
"658","Team 5","Chris Boswell","K","8",4,7.7,-3.7
"659","Team 5","Chris Carson","RB","1",24.6,15.3,9.3
"660","Team 5","Chris Carson","RB","2",19.8,13.8,6
"661","Team 5","Chris Carson","RB","3",10.6,15.1,-4.5
"662","Team 5","Chris Carson","RB","5",19.9,17.2,2.7
"663","Team 5","Chris Carson","RB","7",5.1,16,-10.9
"664","Team 5","Chris Carson","RB","12",13.9,16.7,-2.8
"665","Team 5","Chris Carson","RB","13",20,16.1,3.9
"666","Team 5","Chris Carson","RB","14",18.8,17,1.8
"667","Team 5","Colts D/ST","D/ST","3",27,8.3,18.7
"668","Team 5","Colts D/ST","D/ST","4",8,6.2,1.8
"669","Team 5","Colts D/ST","D/ST","5",10,6.8,3.2
"670","Team 5","Colts D/ST","D/ST","6",3,8.3,-5.3
"671","Team 5","Colts D/ST","D/ST","9",6,6.8,-0.8
"672","Team 5","Colts D/ST","D/ST","10",12,6.3,5.7
"673","Team 5","Colts D/ST","D/ST","11",7,5.5,1.5
"674","Team 5","Colts D/ST","D/ST","13",10,6.5,3.5
"675","Team 5","DeAndre Hopkins","WR","1",29.1,15.8,13.3
"676","Team 5","DeAndre Hopkins","WR","2",20.8,16.8,4
"677","Team 5","DeAndre Hopkins","WR","3",23.7,18.6,5.1
"678","Team 5","DeAndre Hopkins","WR","4",11.1,18.6,-7.5
"679","Team 5","DeAndre Hopkins","WR","5",25.1,18.8,6.3
"680","Team 5","DeAndre Hopkins","WR","6",9.3,19.9,-10.6
"681","Team 5","DeAndre Hopkins","WR","7",24.3,21.1,3.2
"682","Team 5","DeAndre Hopkins","WR","9",6,18,-12
"683","Team 5","DeAndre Hopkins","WR","10",25.7,15.9,9.8
"684","Team 5","DeAndre Hopkins","WR","11",10.1,20.2,-10.1
"685","Team 5","DeAndre Hopkins","WR","12",10.5,16.7,-6.2
"686","Team 5","DeAndre Hopkins","WR","13",19.2,15.8,3.4
"687","Team 5","DeeJay Dallas","RB","8",22.8,12.4,10.4
"688","Team 5","DeeJay Dallas","RB","9",11.9,14.5,-2.6
"689","Team 5","Derek Carr","QB","8",12.54,16.3,-3.76
"690","Team 5","Deshaun Watson","QB","1",20.82,21.9,-1.08
"691","Team 5","Deshaun Watson","QB","2",14.7,19.9,-5.2
"692","Team 5","Deshaun Watson","QB","3",17.06,19.3,-2.24
"693","Team 5","Deshaun Watson","QB","4",20.9,21.3,-0.400000000000002
"694","Team 5","Deshaun Watson","QB","5",24.86,21.6,3.26
"695","Team 5","Deshaun Watson","QB","6",32,20.5,11.5
"696","Team 5","Deshaun Watson","QB","7",24.16,21.3,2.86
"697","Team 5","Deshaun Watson","QB","9",24.24,21.9,2.34
"698","Team 5","Deshaun Watson","QB","10",14.12,20.2,-6.08
"699","Team 5","Deshaun Watson","QB","11",31.36,20.9,10.46
"700","Team 5","Deshaun Watson","QB","12",33.12,23.8,9.32
"701","Team 5","Deshaun Watson","QB","13",19.44,20.6,-1.16
"702","Team 5","Deshaun Watson","QB","14",16.56,20.7,-4.14
"703","Team 5","DeVante Parker","WR","9",12.4,11.8,0.6
"704","Team 5","DeVante Parker","WR","10",5.1,12.5,-7.4
"705","Team 5","Devin Singletary","RB","6",5.5,12.3,-6.8
"706","Team 5","Devin Singletary","RB","8",10.2,11.5,-1.3
"707","Team 5","Giovani Bernard","RB","11",9.5,14.7,-5.2
"708","Team 5","Hunter Henry","TE","1",12.3,9.9,2.4
"709","Team 5","Hunter Henry","TE","2",14.3,10.8,3.5
"710","Team 5","Hunter Henry","TE","3",10,11.7,-1.7
"711","Team 5","Hunter Henry","TE","4",5.9,11.1,-5.2
"712","Team 5","Hunter Henry","TE","5",12.3,12.4,-0.0999999999999996
"713","Team 5","Hunter Henry","TE","7",5.3,10.7,-5.4
"714","Team 5","Hunter Henry","TE","8",7.3,11.6,-4.3
"715","Team 5","Hunter Henry","TE","9",7.3,10.9,-3.6
"716","Team 5","Hunter Henry","TE","10",13,11,2
"717","Team 5","Hunter Henry","TE","11",14.8,11.1,3.7
"718","Team 5","Hunter Henry","TE","12",13.7,12.3,1.4
"719","Team 5","Hunter Henry","TE","13",1.5,11.5,-10
"720","Team 5","Hunter Henry","TE","14",10.1,10.6,-0.5
"721","Team 5","James Robinson","RB","4",14.7,14.3,0.399999999999999
"722","Team 5","James Robinson","RB","5",10,16.1,-6.1
"723","Team 5","James Robinson","RB","6",15.3,16.8,-1.5
"724","Team 5","James Robinson","RB","7",31.7,14,17.7
"725","Team 5","James Robinson","RB","9",15.9,17.8,-1.9
"726","Team 5","James Robinson","RB","10",13.2,16.6,-3.4
"727","Team 5","James Robinson","RB","11",11.4,17.1,-5.7
"728","Team 5","James Robinson","RB","12",26.9,17.7,9.2
"729","Team 5","James Robinson","RB","13",22.8,18.7,4.1
"730","Team 5","James Robinson","RB","14",12.3,18.9,-6.6
"731","Team 5","Jarvis Landry","WR","8",9.2,10.3,-1.1
"732","Team 5","Jason Myers","K","4",9,8.5,0.5
"733","Team 5","Julian Edelman","WR","3",4.2,14.8,-10.6
"734","Team 5","Michael Badgley","K","9",8,8.7,-0.699999999999999
"735","Team 5","Michael Badgley","K","10",3,8.2,-5.2
"736","Team 5","Nick Chubb","RB","1",5.6,14.6,-9
"737","Team 5","Nick Chubb","RB","2",26.3,13.9,12.4
"738","Team 5","Nick Chubb","RB","3",24,15.4,8.6
"739","Team 5","Nick Chubb","RB","4",4.3,14.2,-9.9
"740","Team 5","Nick Chubb","RB","10",18.6,14.7,3.9
"741","Team 5","Nick Chubb","RB","11",11.4,14.4,-3
"742","Team 5","Nick Chubb","RB","12",26.6,13.7,12.9
"743","Team 5","Nick Chubb","RB","13",17.6,13.9,3.7
"744","Team 5","Nick Chubb","RB","14",24.3,14.4,9.9
"745","Team 5","Rams D/ST","D/ST","12",15,7.2,7.8
"746","Team 5","Rams D/ST","D/ST","14",20,7.3,12.7
"747","Team 5","Rodrigo Blankenship","K","11",14,8.5,5.5
"748","Team 5","Rodrigo Blankenship","K","12",2,9.1,-7.1
"749","Team 5","Rodrigo Blankenship","K","13",7,8,-1
"750","Team 5","Rodrigo Blankenship","K","14",14,8.3,5.7
"751","Team 5","Stefon Diggs","WR","1",16.6,13.2,3.4
"752","Team 5","Stefon Diggs","WR","2",29.3,12.8,16.5
"753","Team 5","Stefon Diggs","WR","4",17.5,15.8,1.7
"754","Team 5","Stefon Diggs","WR","5",20.6,16.1,4.5
"755","Team 5","Stefon Diggs","WR","6",16.6,16.8,-0.199999999999999
"756","Team 5","Stefon Diggs","WR","7",10.8,18.4,-7.6
"757","Team 5","Stefon Diggs","WR","8",15.2,15.8,-0.600000000000001
"758","Team 5","Stefon Diggs","WR","9",20.8,20.2,0.600000000000001
"759","Team 5","Stefon Diggs","WR","10",25.3,19.1,6.2
"760","Team 5","Stefon Diggs","WR","12",10.9,20.4,-9.5
"761","Team 5","Stefon Diggs","WR","13",19.2,18.2,1
"762","Team 5","Stefon Diggs","WR","14",29.1,19.2,9.9
"763","Team 5","Titans D/ST","D/ST","1",3,6.6,-3.6
"764","Team 5","Titans D/ST","D/ST","2",0,6,-6
"765","Team 6","A.J. Brown","WR","1",8.9,13.7,-4.8
"766","Team 6","A.J. Brown","WR","5",21.2,12.8,8.4
"767","Team 6","A.J. Brown","WR","8",12.4,14.3,-1.9
"768","Team 6","A.J. Brown","WR","9",20.1,13.4,6.7
"769","Team 6","A.J. Brown","WR","10",3.1,14.5,-11.4
"770","Team 6","A.J. Brown","WR","11",16.2,13.6,2.6
"771","Team 6","A.J. Brown","WR","12",25.8,13.3,12.5
"772","Team 6","A.J. Brown","WR","13",10.7,13.9,-3.2
"773","Team 6","A.J. Brown","WR","14",24.2,14.9,9.3
"774","Team 6","Browns D/ST","D/ST","2",3,7.1,-4.1
"775","Team 6","Browns D/ST","D/ST","3",13,8.3,4.7
"776","Team 6","Browns D/ST","D/ST","8",3,5.5,-2.5
"777","Team 6","Cardinals D/ST","D/ST","4",-2,5.8,-7.8
"778","Team 6","Cardinals D/ST","D/ST","5",8,6.8,1.2
"779","Team 6","Cardinals D/ST","D/ST","6",14,5.1,8.9
"780","Team 6","CeeDee Lamb","WR","4",25.2,10.5,14.7
"781","Team 6","CeeDee Lamb","WR","5",20.4,11.3,9.1
"782","Team 6","Chase Claypool","WR","6",18.1,14.1,4
"783","Team 6","Chase Claypool","WR","10",21.3,13.5,7.8
"784","Team 6","Chase Claypool","WR","11",15.9,16.5,-0.6
"785","Team 6","Chase Claypool","WR","12",11.2,13.7,-2.5
"786","Team 6","Chase Claypool","WR","14",4.5,12.8,-8.3
"787","Team 6","Chris Godwin","WR","6",9.8,15.4,-5.6
"788","Team 6","Chris Godwin","WR","10",15.2,13.7,1.5
"789","Team 6","Colts D/ST","D/ST","1",6,7,-1
"790","Team 6","Dalvin Cook","RB","1",21.8,21.1,0.699999999999999
"791","Team 6","Dalvin Cook","RB","2",17.1,18.7,-1.6
"792","Team 6","Dalvin Cook","RB","3",25.9,19.2,6.7
"793","Team 6","DK Metcalf","WR","1",19.5,13.1,6.4
"794","Team 6","DK Metcalf","WR","2",19.2,11.6,7.6
"795","Team 6","DK Metcalf","WR","3",19,14.8,4.2
"796","Team 6","Eric Ebron","TE","10",5.8,8.9,-3.1
"797","Team 6","Eric Ebron","TE","12",12.4,9.4,3
"798","Team 6","Eric Ebron","TE","13",13.8,10.5,3.3
"799","Team 6","Eric Ebron","TE","14",7,12.4,-5.4
"800","Team 6","George Kittle","TE","1",9.3,16,-6.7
"801","Team 6","George Kittle","TE","4",40.1,15.5,24.6
"802","Team 6","George Kittle","TE","5",8.4,17.2,-8.8
"803","Team 6","George Kittle","TE","6",23.9,14.7,9.2
"804","Team 6","George Kittle","TE","8",5.9,20.1,-14.2
"805","Team 6","Giants D/ST","D/ST","9",9,6.8,2.2
"806","Team 6","Giants D/ST","D/ST","10",4,7.2,-3.2
"807","Team 6","Giovani Bernard","RB","12",6.9,13.8,-6.9
"808","Team 6","Giovani Bernard","RB","13",4.9,12.6,-7.7
"809","Team 6","Giovani Bernard","RB","14",3.3,13.1,-9.8
"810","Team 6","Graham Gano","K","14",1,9.2,-8.2
"811","Team 6","Hayden Hurst","TE","2",18.2,9,9.2
"812","Team 6","Hayden Hurst","TE","3",7.1,11.2,-4.1
"813","Team 6","Hayden Hurst","TE","9",13.2,10,3.2
"814","Team 6","Hayden Hurst","TE","11",0,10.6,-10.6
"815","Team 6","James Conner","RB","1",3.7,16.2,-12.5
"816","Team 6","James Conner","RB","2",20.1,13.8,6.3
"817","Team 6","James Conner","RB","3",24.9,16.3,8.6
"818","Team 6","James Conner","RB","5",15.3,15.8,-0.5
"819","Team 6","James Conner","RB","6",17.2,16.7,0.5
"820","Team 6","James Conner","RB","8",15,16.5,-1.5
"821","Team 6","James Conner","RB","9",4,19.8,-15.8
"822","Team 6","James Conner","RB","10",6.8,17.6,-10.8
"823","Team 6","James Conner","RB","11",12.9,14.9,-2
"824","Team 6","James Conner","RB","14",1.8,12.4,-10.6
"825","Team 6","Joe Burrow","QB","3",20.38,17,3.38
"826","Team 6","Joe Burrow","QB","4",15.1,19.3,-4.2
"827","Team 6","Joe Burrow","QB","11",11.32,18,-6.68
"828","Team 6","Julio Jones","WR","1",24.7,16.4,8.3
"829","Team 6","Julio Jones","WR","2",4.4,18,-13.6
"830","Team 6","Julio Jones","WR","3",0,0,0
"831","Team 6","Julio Jones","WR","4",7.2,17.4,-10.2
"832","Team 6","Julio Jones","WR","6",33.7,16.2,17.5
"833","Team 6","Julio Jones","WR","8",20.7,16.4,4.3
"834","Team 6","Julio Jones","WR","9",16.4,18.9,-2.5
"835","Team 6","Julio Jones","WR","11",5.9,18.2,-12.3
"836","Team 6","Julio Jones","WR","13",15.4,16.8,-1.4
"837","Team 6","Justin Jefferson","WR","4",14.3,10.5,3.8
"838","Team 6","Justin Jefferson","WR","5",5.3,12.6,-7.3
"839","Team 6","Justin Jefferson","WR","8",5.6,12.7,-7.1
"840","Team 6","Justin Jefferson","WR","9",9.4,13.5,-4.1
"841","Team 6","Justin Jefferson","WR","12",26,15.4,10.6
"842","Team 6","Justin Jefferson","WR","13",27.3,14.4,12.9
"843","Team 6","Justin Jefferson","WR","14",9.9,16.4,-6.5
"844","Team 6","Melvin Gordon III","RB","4",25.8,15.5,10.3
"845","Team 6","Melvin Gordon III","RB","8",10.7,12.8,-2.1
"846","Team 6","Melvin Gordon III","RB","9",3.7,13.4,-9.7
"847","Team 6","Melvin Gordon III","RB","10",4.6,12.8,-8.2
"848","Team 6","Melvin Gordon III","RB","11",18.4,12.3,6.1
"849","Team 6","Nyheim Hines","RB","3",10.1,8.4,1.7
"850","Team 6","Nyheim Hines","RB","4",6.2,10.4,-4.2
"851","Team 6","Nyheim Hines","RB","12",17.5,16,1.5
"852","Team 6","Panthers D/ST","D/ST","11",15,5.3,9.7
"853","Team 6","Raheem Mostert","RB","2",18.7,14.6,4.1
"854","Team 6","Raheem Mostert","RB","5",14.9,14.3,0.6
"855","Team 6","Raheem Mostert","RB","6",9.6,14.7,-5.1
"856","Team 6","Raheem Mostert","RB","13",5.3,15.9,-10.6
"857","Team 6","Seahawks D/ST","D/ST","12",11,7.1,3.9
"858","Team 6","Seahawks D/ST","D/ST","13",11,7.6,3.4
"859","Team 6","Seahawks D/ST","D/ST","14",12,8.2,3.8
"860","Team 6","Stephen Gostkowski","K","8",1,7.6,-6.6
"861","Team 6","Stephen Gostkowski","K","9",7,8.5,-1.5
"862","Team 6","Stephen Gostkowski","K","10",6,8.5,-2.5
"863","Team 6","Stephen Gostkowski","K","11",12,7.8,4.2
"864","Team 6","Stephen Gostkowski","K","12",10,7.5,2.5
"865","Team 6","Stephen Gostkowski","K","13",3,8,-5
"866","Team 6","Taysom Hill","QB","13",23.58,19.1,4.48
"867","Team 6","Tom Brady","QB","1",20.46,18.4,2.06
"868","Team 6","Tom Brady","QB","2",8.68,20.5,-11.82
"869","Team 6","Tom Brady","QB","5",14.12,18,-3.88
"870","Team 6","Tom Brady","QB","6",14.64,20.5,-5.86
"871","Team 6","Tom Brady","QB","8",19.06,19.3,-0.240000000000002
"872","Team 6","Tom Brady","QB","9",2.36,21.9,-19.54
"873","Team 6","Tom Brady","QB","10",31.84,18.8,13.04
"874","Team 6","Tom Brady","QB","12",21.7,19.7,2
"875","Team 6","Tom Brady","QB","14",15.64,19.7,-4.06
"876","Team 6","Zane Gonzalez","K","1",6,7.4,-1.4
"877","Team 6","Zane Gonzalez","K","2",13,7.8,5.2
"878","Team 6","Zane Gonzalez","K","3",7,8.1,-1.1
"879","Team 6","Zane Gonzalez","K","4",3,8,-5
"880","Team 6","Zane Gonzalez","K","5",7,8.2,-1.2
"881","Team 6","Zane Gonzalez","K","6",8,8,0
"882","Team 7","49ers D/ST","D/ST","1",1,7.3,-6.3
"883","Team 7","49ers D/ST","D/ST","2",6,8.5,-2.5
"884","Team 7","49ers D/ST","D/ST","3",13,8,5
"885","Team 7","49ers D/ST","D/ST","4",7,7.8,-0.8
"886","Team 7","49ers D/ST","D/ST","5",-4,7.2,-11.2
"887","Team 7","Baker Mayfield","QB","10",5.38,15.6,-10.22
"888","Team 7","Baker Mayfield","QB","11",7.06,14.9,-7.84
"889","Team 7","Bills D/ST","D/ST","7",16,7.6,8.4
"890","Team 7","Bills D/ST","D/ST","8",4,6.9,-2.9
"891","Team 7","Bills D/ST","D/ST","12",5,4.7,0.3
"892","Team 7","Bills D/ST","D/ST","13",1,5.4,-4.4
"893","Team 7","Brandin Cooks","WR","10",9.9,13.3,-3.4
"894","Team 7","Brandin Cooks","WR","11",12.5,14.1,-1.6
"895","Team 7","Brandin Cooks","WR","12",13.5,15.5,-2
"896","Team 7","Brandin Cooks","WR","13",11.5,14.7,-3.2
"897","Team 7","Cardinals D/ST","D/ST","14",20,6.5,13.5
"898","Team 7","Chargers D/ST","D/ST","10",3,5.7,-2.7
"899","Team 7","Chargers D/ST","D/ST","11",10,6.2,3.8
"900","Team 7","Darren Waller","TE","1",10.5,13.2,-2.7
"901","Team 7","Darren Waller","TE","2",28.5,13.2,15.3
"902","Team 7","Darren Waller","TE","3",2.9,13.2,-10.3
"903","Team 7","Darren Waller","TE","4",15.8,12.7,3.1
"904","Team 7","Darren Waller","TE","5",15.8,14.8,1
"905","Team 7","Darren Waller","TE","7",17,14.5,2.5
"906","Team 7","Darren Waller","TE","8",7.7,14.1,-6.4
"907","Team 7","Darren Waller","TE","9",13.2,16.5,-3.3
"908","Team 7","Darren Waller","TE","10",6.7,16.1,-9.4
"909","Team 7","Darren Waller","TE","11",21.8,15.3,6.5
"910","Team 7","Darren Waller","TE","12",6.3,16,-9.7
"911","Team 7","Darren Waller","TE","13",45,15.4,29.6
"912","Team 7","Darren Waller","TE","14",14.5,16.4,-1.9
"913","Team 7","Greg Zuerlein","K","1",4,7.5,-3.5
"914","Team 7","Greg Zuerlein","K","2",11,7.7,3.3
"915","Team 7","Greg Zuerlein","K","3",9,7.9,1.1
"916","Team 7","Greg Zuerlein","K","4",2,7.9,-5.9
"917","Team 7","Greg Zuerlein","K","5",14,7.8,6.2
"918","Team 7","Greg Zuerlein","K","6",3,8.6,-5.6
"919","Team 7","Greg Zuerlein","K","7",4,7.9,-3.9
"920","Team 7","Greg Zuerlein","K","8",12,7,5
"921","Team 7","Greg Zuerlein","K","9",15,7.1,7.9
"922","Team 7","Joe Mixon","RB","1",6.1,15.3,-9.2
"923","Team 7","Joe Mixon","RB","2",12.6,14.9,-2.3
"924","Team 7","Joe Mixon","RB","3",8.5,15,-6.5
"925","Team 7","Joe Mixon","RB","4",42.1,16.1,26
"926","Team 7","Joe Mixon","RB","5",15.4,15.4,0
"927","Team 7","Joe Mixon","RB","6",14.9,16.8,-1.9
"928","Team 7","Joe Mixon","RB","7",0,0,0
"929","Team 7","Kareem Hunt","RB","2",24.1,13.6,10.5
"930","Team 7","Kareem Hunt","RB","3",14.4,13,1.4
"931","Team 7","Kareem Hunt","RB","4",19.1,14.1,5
"932","Team 7","Kareem Hunt","RB","5",18.3,16.5,1.8
"933","Team 7","Kareem Hunt","RB","6",7.7,18.6,-10.9
"934","Team 7","Kareem Hunt","RB","7",19.2,19,0.199999999999999
"935","Team 7","Kareem Hunt","RB","8",9.3,20.3,-11
"936","Team 7","Kareem Hunt","RB","10",16.2,14.1,2.1
"937","Team 7","Kareem Hunt","RB","11",9.1,14.4,-5.3
"938","Team 7","Kareem Hunt","RB","12",6.2,14,-7.8
"939","Team 7","Kareem Hunt","RB","13",8.7,12.2,-3.5
"940","Team 7","Kareem Hunt","RB","14",29,11.1,17.9
"941","Team 7","Le'Veon Bell","RB","9",1.3,10,-8.7
"942","Team 7","Marquise Brown","WR","1",15.1,11.9,3.2
"943","Team 7","Marquise Brown","WR","3",3.3,14.1,-10.8
"944","Team 7","Marquise Brown","WR","6",9.7,14.1,-4.4
"945","Team 7","Marquise Brown","WR","8",7.3,13.7,-6.4
"946","Team 7","Marquise Brown","WR","9",6.8,12.2,-5.4
"947","Team 7","Matt Prater","K","10",16,9.4,6.6
"948","Team 7","Matt Prater","K","11",-1,8.9,-9.9
"949","Team 7","Matt Prater","K","12",5,8.7,-3.7
"950","Team 7","Matt Prater","K","13",4,7.1,-3.1
"951","Team 7","Matt Prater","K","14",6,8.1,-2.1
"952","Team 7","Matt Ryan","QB","1",23.9,18.3,5.6
"953","Team 7","Matt Ryan","QB","2",28.52,18.4,10.12
"954","Team 7","Matt Ryan","QB","3",11.42,17.6,-6.18
"955","Team 7","Matt Ryan","QB","4",12.4,21.6,-9.2
"956","Team 7","Matt Ryan","QB","5",6.94,19.3,-12.36
"957","Team 7","Matt Ryan","QB","6",31.64,18.8,12.84
"958","Team 7","Matt Ryan","QB","7",17.52,19.7,-2.18
"959","Team 7","Matt Ryan","QB","8",17.94,17.8,0.140000000000001
"960","Team 7","Matt Ryan","QB","9",22.36,18.1,4.26
"961","Team 7","Matt Ryan","QB","11",5.28,18.5,-13.22
"962","Team 7","Matt Ryan","QB","12",13.9,19.1,-5.2
"963","Team 7","Matt Ryan","QB","13",12.92,16.6,-3.68
"964","Team 7","Matt Ryan","QB","14",7.26,18,-10.74
"965","Team 7","Michael Thomas","WR","1",4.7,20.3,-15.6
"966","Team 7","Michael Thomas","WR","9",10.1,18,-7.9
"967","Team 7","Michael Thomas","WR","10",4.7,15.7,-11
"968","Team 7","Michael Thomas","WR","11",19.4,13,6.4
"969","Team 7","Michael Thomas","WR","12",9.1,14.1,-5
"970","Team 7","Michael Thomas","WR","13",19.5,16.2,3.3
"971","Team 7","Michael Thomas","WR","14",16.4,16,0.399999999999999
"972","Team 7","Mike Evans","WR","2",23.4,17.4,6
"973","Team 7","Mike Evans","WR","3",14.2,14.5,-0.300000000000001
"974","Team 7","Mike Evans","WR","4",25.2,14.7,10.5
"975","Team 7","Mike Evans","WR","5",15.1,14.8,0.299999999999999
"976","Team 7","Mike Evans","WR","6",2,14.2,-12.2
"977","Team 7","Mike Evans","WR","7",5.7,13.5,-7.8
"978","Team 7","Mike Evans","WR","8",16.5,13.5,3
"979","Team 7","Mike Evans","WR","14",8.6,14.6,-6
"980","Team 7","Mike Gesicki","TE","6",0,9.7,-9.7
"981","Team 7","Phillip Lindsay","RB","10",0.2,9.4,-9.2
"982","Team 7","Texans D/ST","D/ST","9",1,6.9,-5.9
"983","Team 7","Todd Gurley II","RB","1",13.7,15.6,-1.9
"984","Team 7","Todd Gurley II","RB","2",6.1,14.2,-8.1
"985","Team 7","Todd Gurley II","RB","4",19.3,13.5,5.8
"986","Team 7","Todd Gurley II","RB","5",25,16.1,8.9
"987","Team 7","Todd Gurley II","RB","6",9.7,14.4,-4.7
"988","Team 7","Todd Gurley II","RB","7",22.2,16.2,6
"989","Team 7","Todd Gurley II","RB","8",10.6,16.6,-6
"990","Team 7","Todd Gurley II","RB","9",13.5,15.7,-2.2
"991","Team 7","Todd Gurley II","RB","11",3.9,13.3,-9.4
"992","Team 7","Todd Gurley II","RB","12",0,0,0
"993","Team 7","Todd Gurley II","RB","13",3,11.3,-8.3
"994","Team 7","Todd Gurley II","RB","14",5.1,10.3,-5.2
"995","Team 7","Tyler Lockett","WR","1",17.2,14.6,2.6
"996","Team 7","Tyler Lockett","WR","2",19.7,13.7,6
"997","Team 7","Tyler Lockett","WR","3",37,15.7,21.3
"998","Team 7","Tyler Lockett","WR","4",5.9,17.9,-12
"999","Team 7","Tyler Lockett","WR","5",8.4,16.8,-8.4
"1000","Team 7","Tyler Lockett","WR","7",53,16.7,36.3
"1001","Team 7","Tyler Lockett","WR","8",7.3,19.3,-12
"1002","Team 7","Tyler Lockett","WR","9",8,19.9,-11.9
"1003","Team 7","Tyler Lockett","WR","10",11.6,16,-4.4
"1004","Team 7","Tyler Lockett","WR","11",21.7,18.7,3
"1005","Team 7","Tyler Lockett","WR","12",5.3,16.6,-11.3
"1006","Team 7","Tyler Lockett","WR","13",12.3,14.8,-2.5
"1007","Team 7","Tyler Lockett","WR","14",10.2,15.2,-5
"1008","Team 7","Washington D/ST","D/ST","6",6,7,-1
"1009","Team 8","49ers D/ST","D/ST","14",10,7,3
"1010","Team 8","A.J. Brown","WR","7",27.3,14.7,12.6
"1011","Team 8","Bears D/ST","D/ST","2",13,8,5
"1012","Team 8","Bears D/ST","D/ST","6",11,6.3,4.7
"1013","Team 8","Bears D/ST","D/ST","7",10,5.5,4.5
"1014","Team 8","Benny Snell Jr.","RB","13",3,12.6,-9.6
"1015","Team 8","Brian Hill","RB","12",5.5,13.5,-8
"1016","Team 8","Browns D/ST","D/ST","7",2,6.8,-4.8
"1017","Team 8","Chargers D/ST","D/ST","1",12,7.2,4.8
"1018","Team 8","Chargers D/ST","D/ST","3",4,7,-3
"1019","Team 8","Chris Godwin","WR","7",23.8,15.4,8.4
"1020","Team 8","Christian Kirk","WR","1",1,10.8,-9.8
"1021","Team 8","Clyde Edwards-Helaire","RB","1",19.8,15.3,4.5
"1022","Team 8","Clyde Edwards-Helaire","RB","2",13,16.5,-3.5
"1023","Team 8","Clyde Edwards-Helaire","RB","3",18.4,14.7,3.7
"1024","Team 8","Clyde Edwards-Helaire","RB","4",12.1,18.6,-6.5
"1025","Team 8","Clyde Edwards-Helaire","RB","5",11,19.8,-8.8
"1026","Team 8","Clyde Edwards-Helaire","RB","6",20.9,18,2.9
"1027","Team 8","Clyde Edwards-Helaire","RB","7",13.3,14.5,-1.2
"1028","Team 8","Clyde Edwards-Helaire","RB","9",12.4,14.3,-1.9
"1029","Team 8","Clyde Edwards-Helaire","RB","11",20.7,14.5,6.2
"1030","Team 8","Clyde Edwards-Helaire","RB","12",4.9,13,-8.1
"1031","Team 8","Clyde Edwards-Helaire","RB","13",0,14.4,-14.4
"1032","Team 8","D'Andre Swift","RB","7",14.8,13.2,1.6
"1033","Team 8","D'Andre Swift","RB","9",12.7,13.8,-1.1
"1034","Team 8","D'Andre Swift","RB","10",25.9,14.9,11
"1035","Team 8","D'Andre Swift","RB","14",15,13.9,1.1
"1036","Team 8","Evan Engram","TE","1",2.9,11.7,-8.8
"1037","Team 8","Evan Engram","TE","2",12.5,9.9,2.6
"1038","Team 8","Evan Engram","TE","3",5.2,11.2,-6
"1039","Team 8","Evan Engram","TE","4",9.5,10.8,-1.3
"1040","Team 8","Evan Engram","TE","5",9.5,11.4,-1.9
"1041","Team 8","Evan Engram","TE","6",5,9.7,-4.7
"1042","Team 8","Evan Engram","TE","7",10.9,9.4,1.5
"1043","Team 8","Evan Engram","TE","10",3.5,10.7,-7.2
"1044","Team 8","Evan Engram","TE","13",7.2,10.9,-3.7
"1045","Team 8","Evan Engram","TE","14",3.8,9.9,-6.1
"1046","Team 8","George Kittle","TE","7",10.5,14.9,-4.4
"1047","Team 8","Giants D/ST","D/ST","12",12,6.9,5.1
"1048","Team 8","James Conner","RB","7",14.1,17.3,-3.2
"1049","Team 8","Jonathan Taylor","RB","2",19,15.5,3.5
"1050","Team 8","Jonathan Taylor","RB","3",13.2,17.7,-4.5
"1051","Team 8","Jonathan Taylor","RB","4",8.9,15,-6.1
"1052","Team 8","Jonathan Taylor","RB","5",15.4,14.4,1
"1053","Team 8","Jonathan Taylor","RB","6",15.5,14.4,1.1
"1054","Team 8","Jonathan Taylor","RB","13",22.5,13.4,9.1
"1055","Team 8","Jonathan Taylor","RB","14",30.5,13.6,16.9
"1056","Team 8","Josh Jacobs","RB","1",35.9,18.2,17.7
"1057","Team 8","Josh Jacobs","RB","2",13.5,16.2,-2.7
"1058","Team 8","Josh Jacobs","RB","3",9.3,17.8,-8.5
"1059","Team 8","Josh Jacobs","RB","4",10.3,18.8,-8.5
"1060","Team 8","Josh Jacobs","RB","5",22.5,17.5,5
"1061","Team 8","Josh Jacobs","RB","7",6.1,16.3,-10.2
"1062","Team 8","Josh Jacobs","RB","9",13.8,17.6,-3.8
"1063","Team 8","Josh Jacobs","RB","10",29.6,16.2,13.4
"1064","Team 8","Josh Jacobs","RB","11",13.4,15.8,-2.4
"1065","Team 8","Josh Jacobs","RB","12",5.4,17.3,-11.9
"1066","Team 8","Joshua Kelley","RB","10",2.1,9.7,-7.6
"1067","Team 8","JuJu Smith-Schuster","WR","1",24.9,14.6,10.3
"1068","Team 8","JuJu Smith-Schuster","WR","2",11.8,13.7,-1.9
"1069","Team 8","JuJu Smith-Schuster","WR","3",16.3,15,1.3
"1070","Team 8","JuJu Smith-Schuster","WR","5",6.8,13.9,-7.1
"1071","Team 8","JuJu Smith-Schuster","WR","6",2.6,14.6,-12
"1072","Team 8","JuJu Smith-Schuster","WR","9",21.3,13,8.3
"1073","Team 8","JuJu Smith-Schuster","WR","10",22.7,12.6,10.1
"1074","Team 8","JuJu Smith-Schuster","WR","11",5.9,16.5,-10.6
"1075","Team 8","JuJu Smith-Schuster","WR","12",17.7,14.1,3.6
"1076","Team 8","JuJu Smith-Schuster","WR","13",9.8,14,-4.2
"1077","Team 8","JuJu Smith-Schuster","WR","14",17.5,14.7,2.8
"1078","Team 8","Julio Jones","WR","7",17.7,17.7,0
"1079","Team 8","Kalen Ballage","RB","11",14.1,14.1,0
"1080","Team 8","Kenny Golladay","WR","3",17.7,13.1,4.6
"1081","Team 8","Kenny Golladay","WR","4",16.2,14.5,1.7
"1082","Team 8","Kenny Golladay","WR","6",14.5,14.9,-0.4
"1083","Team 8","Kenny Golladay","WR","7",17.4,16,1.4
"1084","Team 8","KJ Hamler","WR","13",4.9,11.5,-6.6
"1085","Team 8","KJ Hamler","WR","14",22.6,8.8,13.8
"1086","Team 8","Matthew Stafford","QB","1",16.18,15.9,0.279999999999999
"1087","Team 8","Matthew Stafford","QB","2",16.16,17.8,-1.64
"1088","Team 8","Matthew Stafford","QB","3",18.5,17.8,0.699999999999999
"1089","Team 8","Matthew Stafford","QB","4",22.34,17.9,4.44
"1090","Team 8","Matthew Stafford","QB","6",12.32,19.8,-7.48
"1091","Team 8","Matthew Stafford","QB","7",18.4,19.2,-0.800000000000001
"1092","Team 8","Matthew Stafford","QB","10",23.04,17.2,5.84
"1093","Team 8","Matthew Stafford","QB","11",7.62,18,-10.38
"1094","Team 8","Matthew Stafford","QB","12",16.1,18.6,-2.5
"1095","Team 8","Matthew Stafford","QB","14",14.36,16.8,-2.44
"1096","Team 8","Melvin Gordon III","RB","7",12,11.7,0.300000000000001
"1097","Team 8","Mitchell Trubisky","QB","13",13.28,18,-4.72
"1098","Team 8","Nelson Agholor","WR","14",21,11.1,9.9
"1099","Team 8","Odell Beckham Jr.","WR","1",5.2,14,-8.8
"1100","Team 8","Odell Beckham Jr.","WR","6",4.5,15.3,-10.8
"1101","Team 8","Patriots D/ST","D/ST","9",3,6.3,-3.3
"1102","Team 8","Rob Gronkowski","TE","9",1.2,10.8,-9.6
"1103","Team 8","Rob Gronkowski","TE","11",4.5,9.8,-5.3
"1104","Team 8","Rob Gronkowski","TE","12",16.6,8.8,7.8
"1105","Team 8","Ryan Succop","K","1",4,7.3,-3.3
"1106","Team 8","Ryan Succop","K","2",7,7.3,-0.3
"1107","Team 8","Ryan Succop","K","3",9,7,2
"1108","Team 8","Ryan Succop","K","4",7,7.6,-0.6
"1109","Team 8","Ryan Succop","K","5",14,8.2,5.8
"1110","Team 8","Ryan Succop","K","6",10,8.5,1.5
"1111","Team 8","Ryan Succop","K","7",9,7.7,1.3
"1112","Team 8","Ryan Succop","K","9",4,8.7,-4.7
"1113","Team 8","Ryan Succop","K","10",17,8.3,8.7
"1114","Team 8","Ryan Succop","K","11",6,9.1,-3.1
"1115","Team 8","Ryan Succop","K","12",6,8.5,-2.5
"1116","Team 8","Saints D/ST","D/ST","5",2,5.7,-3.7
"1117","Team 8","Seahawks D/ST","D/ST","4",2,6.1,-4.1
"1118","Team 8","Teddy Bridgewater","QB","5",20.82,17.4,3.42
"1119","Team 8","Teddy Bridgewater","QB","9",28.3,15.5,12.8
"1120","Team 8","Tom Brady","QB","7",36.86,20.2,16.66
"1121","Team 8","Tyler Bass","K","13",10,8.3,1.7
"1122","Team 8","Tyler Bass","K","14",8,8.9,-0.9
"1123","Team 8","Vikings D/ST","D/ST","10",12,5.7,6.3
"1124","Team 8","Vikings D/ST","D/ST","11",3,6.2,-3.2
"1125","Team 8","Vikings D/ST","D/ST","13",11,6,5
"1126","Team 8","Will Fuller V","WR","2",0,13.2,-13.2
"1127","Team 8","Will Fuller V","WR","4",22.8,13.8,9
"1128","Team 8","Will Fuller V","WR","5",15.8,14.8,1
"1129","Team 8","Will Fuller V","WR","7",12.5,14.3,-1.8
"1130","Team 8","Will Fuller V","WR","9",21,13.9,7.1
"1131","Team 8","Will Fuller V","WR","10",8.8,13.6,-4.8
"1132","Team 8","Will Fuller V","WR","11",14,14.5,-0.5
"1133","Team 8","Will Fuller V","WR","12",35.1,15.7,19.4
"1134","Team 8","Zane Gonzalez","K","7",15,8,7
"1135","Team 9","Aaron Jones","RB","1",17.6,15.3,2.3
"1136","Team 9","Aaron Jones","RB","2",45.6,17.5,28.1
"1137","Team 9","Aaron Jones","RB","3",16.6,17,-0.399999999999999
"1138","Team 9","Aaron Jones","RB","4",22.1,20,2.1
"1139","Team 9","Aaron Jones","RB","6",13.1,18.4,-5.3
"1140","Team 9","Aaron Jones","RB","10",14.5,21.3,-6.8
"1141","Team 9","Aaron Jones","RB","11",17.1,17.5,-0.399999999999999
"1142","Team 9","Aaron Jones","RB","12",10,18.6,-8.6
"1143","Team 9","Aaron Jones","RB","13",23.8,18.4,5.4
"1144","Team 9","Aaron Jones","RB","14",9.5,19.1,-9.6
"1145","Team 9","Allen Robinson II","WR","1",12.3,14.9,-2.6
"1146","Team 9","Allen Robinson II","WR","2",6.3,15.7,-9.4
"1147","Team 9","Allen Robinson II","WR","3",28.3,15.1,13.2
"1148","Team 9","Allen Robinson II","WR","4",23.1,15.6,7.5
"1149","Team 9","Allen Robinson II","WR","5",19,15.3,3.7
"1150","Team 9","Allen Robinson II","WR","6",10.3,15.9,-5.6
"1151","Team 9","Allen Robinson II","WR","7",11,16.2,-5.2
"1152","Team 9","Allen Robinson II","WR","9",15.1,16.5,-1.4
"1153","Team 9","Allen Robinson II","WR","10",10.3,15.9,-5.6
"1154","Team 9","Allen Robinson II","WR","12",27.4,15.1,12.3
"1155","Team 9","Allen Robinson II","WR","13",13.5,16.9,-3.4
"1156","Team 9","Allen Robinson II","WR","14",27.3,16.2,11.1
"1157","Team 9","Austin Hooper","TE","10",2.1,9.6,-7.5
"1158","Team 9","Brandon McManus","K","10",8,8.8,-0.800000000000001
"1159","Team 9","Cam Akers","RB","1",5.3,10,-4.7
"1160","Team 9","Cole Beasley","WR","7",22.2,13.3,8.9
"1161","Team 9","Cole Beasley","WR","8",4.4,10.2,-5.8
"1162","Team 9","Cole Beasley","WR","9",6.9,11.5,-4.6
"1163","Team 9","Cole Beasley","WR","12",9.3,13,-3.7
"1164","Team 9","Cole Beasley","WR","13",28,12.4,15.6
"1165","Team 9","Cole Beasley","WR","14",9.1,13.2,-4.1
"1166","Team 9","Devontae Booker","RB","13",6.1,14.8,-8.7
"1167","Team 9","Eric Ebron","TE","5",7.3,8.4,-1.1
"1168","Team 9","J.K. Dobbins","RB","14",13.3,10.4,2.9
"1169","Team 9","Jamaal Williams","RB","7",21.4,16.8,4.6
"1170","Team 9","Jamaal Williams","RB","8",18.2,18.3,-0.100000000000001
"1171","Team 9","James White","RB","7",1.3,11.7,-10.4
"1172","Team 9","Joshua Kelley","RB","5",4.8,13.5,-8.7
"1173","Team 9","Justin Herbert","QB","8",21.22,18.8,2.42
"1174","Team 9","Justin Herbert","QB","13",4.36,21.1,-16.74
"1175","Team 9","Justin Herbert","QB","14",15.72,20.6,-4.88
"1176","Team 9","Kyler Murray","QB","1",26.3,18,8.3
"1177","Team 9","Kyler Murray","QB","2",32.14,20.4,11.74
"1178","Team 9","Kyler Murray","QB","3",21.7,22,-0.300000000000001
"1179","Team 9","Kyler Murray","QB","4",23.12,21.9,1.22
"1180","Team 9","Kyler Murray","QB","5",26.3,22,4.3
"1181","Team 9","Kyler Murray","QB","6",28.92,23.2,5.72
"1182","Team 9","Kyler Murray","QB","7",37.1,23.4,13.7
"1183","Team 9","Kyler Murray","QB","9",37.92,23.1,14.82
"1184","Team 9","Kyler Murray","QB","10",29.9,24.9,5
"1185","Team 9","Kyler Murray","QB","11",20.26,26.2,-5.94
"1186","Team 9","Kyler Murray","QB","12",7.9,23.6,-15.7
"1187","Team 9","Michael Gallup","WR","1",8,13.2,-5.2
"1188","Team 9","Michael Gallup","WR","2",7.8,13.4,-5.6
"1189","Team 9","Michael Gallup","WR","3",25.8,12.6,13.2
"1190","Team 9","Michael Gallup","WR","4",4.9,10.4,-5.5
"1191","Team 9","Michael Gallup","WR","5",11.3,9.7,1.6
"1192","Team 9","Michael Gallup","WR","6",4.3,8.2,-3.9
"1193","Team 9","Michael Pittman Jr.","WR","11",15.6,11.4,4.2
"1194","Team 9","Miles Sanders","RB","2",20.1,15.5,4.6
"1195","Team 9","Miles Sanders","RB","3",14.7,19.2,-4.5
"1196","Team 9","Miles Sanders","RB","4",9.6,17.7,-8.1
"1197","Team 9","Miles Sanders","RB","5",23.9,17.1,6.8
"1198","Team 9","Miles Sanders","RB","6",12.2,18.3,-6.1
"1199","Team 9","Miles Sanders","RB","10",13.5,18.1,-4.6
"1200","Team 9","Miles Sanders","RB","11",9.1,17.3,-8.2
"1201","Team 9","Miles Sanders","RB","12",6.2,17.1,-10.9
"1202","Team 9","Miles Sanders","RB","13",3.1,14.3,-11.2
"1203","Team 9","Nelson Agholor","WR","8",0,8.7,-8.7
"1204","Team 9","Packers D/ST","D/ST","13",12,7.5,4.5
"1205","Team 9","Patriots D/ST","D/ST","1",12,7.4,4.6
"1206","Team 9","Patriots D/ST","D/ST","2",4,5.6,-1.6
"1207","Team 9","Patriots D/ST","D/ST","3",13,6.2,6.8
"1208","Team 9","Rams D/ST","D/ST","4",12,7.7,4.3
"1209","Team 9","Rams D/ST","D/ST","5",14,7.2,6.8
"1210","Team 9","Rams D/ST","D/ST","6",-1,6.2,-7.2
"1211","Team 9","Rams D/ST","D/ST","7",14,6.5,7.5
"1212","Team 9","Rams D/ST","D/ST","8",8,7,1
"1213","Team 9","Robbie Gould","K","1",10,7.9,2.1
"1214","Team 9","Robbie Gould","K","2",8,7.8,0.2
"1215","Team 9","Robbie Gould","K","3",13,7.4,5.6
"1216","Team 9","Robbie Gould","K","4",2,8.4,-6.4
"1217","Team 9","Robbie Gould","K","5",5,8.4,-3.4
"1218","Team 9","Robby Anderson","WR","1",25.4,10.7,14.7
"1219","Team 9","Robby Anderson","WR","2",17.9,11.6,6.3
"1220","Team 9","Robby Anderson","WR","3",10.5,12.6,-2.1
"1221","Team 9","Robby Anderson","WR","4",17.9,13.7,4.2
"1222","Team 9","Robby Anderson","WR","5",19.5,15.2,4.3
"1223","Team 9","Robby Anderson","WR","6",11.7,14.7,-3
"1224","Team 9","Robby Anderson","WR","7",13.4,15,-1.6
"1225","Team 9","Robby Anderson","WR","8",9.8,16.4,-6.6
"1226","Team 9","Robby Anderson","WR","9",15.3,14.3,1
"1227","Team 9","Robby Anderson","WR","10",6.1,15.1,-9
"1228","Team 9","Robby Anderson","WR","11",11.6,14.4,-2.8
"1229","Team 9","Robby Anderson","WR","12",19.4,15.3,4.1
"1230","Team 9","Robby Anderson","WR","14",17.7,15.3,2.4
"1231","Team 9","Saints D/ST","D/ST","10",15,6.4,8.6
"1232","Team 9","T.J. Hockenson","TE","2",10.2,8.8,1.4
"1233","Team 9","T.J. Hockenson","TE","4",10.9,11,-0.0999999999999996
"1234","Team 9","T.J. Hockenson","TE","6",9.7,8.5,1.2
"1235","Team 9","T.J. Hockenson","TE","7",16.9,9.9,7
"1236","Team 9","T.J. Hockenson","TE","8",13.5,9.6,3.9
"1237","Team 9","T.J. Hockenson","TE","9",14.9,11.9,3
"1238","Team 9","T.J. Hockenson","TE","10",3.3,10,-6.7
"1239","Team 9","T.J. Hockenson","TE","11",10.8,11.3,-0.5
"1240","Team 9","T.J. Hockenson","TE","12",13.9,12,1.9
"1241","Team 9","T.J. Hockenson","TE","13",15.4,10.6,4.8
"1242","Team 9","T.J. Hockenson","TE","14",16.3,11.7,4.6
"1243","Team 9","Taysom Hill","TE","11",24.22,18,6.22
"1244","Team 9","Tyler Ervin","RB","9",11.2,10,1.2
"1245","Team 9","Tyler Higbee","TE","1",7,10.2,-3.2
"1246","Team 9","Tyler Higbee","TE","3",8,9.7,-1.7
"1247","Team 9","Washington D/ST","D/ST","9",4,7.4,-3.4
"1248","Team 9","Washington D/ST","D/ST","11",13,6,7
"1249","Team 9","Washington D/ST","D/ST","12",17,7,10
"1250","Team 9","Washington D/ST","D/ST","14",23,6.6,16.4
"1251","Team 9","Younghoe Koo","K","6",20,8.6,11.4
"1252","Team 9","Younghoe Koo","K","7",2,9,-7
"1253","Team 9","Younghoe Koo","K","8",13,8.4,4.6
"1254","Team 9","Younghoe Koo","K","9",12,9.2,2.8
"1255","Team 9","Younghoe Koo","K","11",13,8.3,4.7
"1256","Team 9","Younghoe Koo","K","12",21,9.5,11.5
"1257","Team 9","Younghoe Koo","K","13",12,9.3,2.7
"1258","Team 9","Younghoe Koo","K","14",6,8.3,-2.3
"1259","Team 9","Zack Moss","RB","8",20.1,6.1,14
"1260","Team 9","Zack Moss","RB","9",12.8,7.9,4.9
